Task ID,Task ID,Supplier ID,Cost
2019-05-30,2019-05-30,S57,0.290967292
2019-05-30,2019-05-30,S40,0.293925416
2019-05-30,2019-05-30,S24,0.2963877
2019-05-30,2019-05-30,S56,0.302213243
2019-05-30,2019-05-30,S32,0.30239373
2019-05-30,2019-05-30,S7,0.303812759
2019-05-30,2019-05-30,S4,0.307330783
2019-05-30,2019-05-30,S15,0.307691824
2019-05-30,2019-05-30,S47,0.309031462
2019-05-30,2019-05-30,S13,0.309402542
2019-05-30,2019-05-30,S12,0.313509448
2019-05-30,2019-05-30,S34,0.313587125
2019-05-30,2019-05-30,S29,0.313858096
2019-05-30,2019-05-30,S41,0.314410173
2019-05-30,2019-05-30,S54,0.315261793
2019-05-30,2019-05-30,S19,0.316254226
2019-05-30,2019-05-30,S27,0.317432209
2019-05-30,2019-05-30,S14,0.320663187
2019-05-30,2019-05-30,S46,0.320763314
2019-05-30,2019-05-30,S49,0.323564526
2019-09-26,2019-09-26,S19,0.283751545
2019-09-26,2019-09-26,S30,0.28504317
2019-09-26,2019-09-26,S14,0.28917233
2019-09-26,2019-09-26,S57,0.292822944
2019-09-26,2019-09-26,S49,0.293406062
2019-09-26,2019-09-26,S62,0.293596418
2019-09-26,2019-09-26,S43,0.294285788
2019-09-26,2019-09-26,S4,0.297319669
2019-09-26,2019-09-26,S59,0.29847631
2019-09-26,2019-09-26,S8,0.299798408
2019-09-26,2019-09-26,S32,0.299922861
2019-09-26,2019-09-26,S38,0.301205131
2019-09-26,2019-09-26,S6,0.304175263
2019-09-26,2019-09-26,S40,0.30630658
2019-09-26,2019-09-26,S37,0.306547939
2019-09-26,2019-09-26,S44,0.306874993
2019-09-26,2019-09-26,S18,0.307165426
2019-09-26,2019-09-26,S35,0.307173978
2019-09-26,2019-09-26,S61,0.307214421
2019-09-26,2019-09-26,S9,0.307370479
2019-11-29,2019-11-29,S46,0.28457495
2019-11-29,2019-11-29,S40,0.298487824
2019-11-29,2019-11-29,S39,0.301013685
2019-11-29,2019-11-29,S51,0.301494177
2019-11-29,2019-11-29,S60,0.302832256
2019-11-29,2019-11-29,S12,0.302904668
2019-11-29,2019-11-29,S47,0.304856613
2019-11-29,2019-11-29,S13,0.305388131
2019-11-29,2019-11-29,S6,0.305571215
2019-11-29,2019-11-29,S56,0.308773637
2019-11-29,2019-11-29,S11,0.309193588
2019-11-29,2019-11-29,S37,0.312683605
2019-11-29,2019-11-29,S15,0.313399313
2019-11-29,2019-11-29,S54,0.314623731
2019-11-29,2019-11-29,S24,0.314701058
2019-11-29,2019-11-29,S53,0.315717063
2019-11-29,2019-11-29,S19,0.323826983
2019-11-29,2019-11-29,S30,0.326435011
2019-11-29,2019-11-29,S22,0.326542586
2019-11-29,2019-11-29,S42,0.32656836
2020-01-03,2020-01-03,S56,0.310394598
2020-01-03,2020-01-03,S40,0.313468617
2020-01-03,2020-01-03,S57,0.319264079
2020-01-03,2020-01-03,S39,0.322107354
2020-01-03,2020-01-03,S51,0.324424924
2020-01-03,2020-01-03,S54,0.327156153
2020-01-03,2020-01-03,S6,0.331405893
2020-01-03,2020-01-03,S60,0.333921204
2020-01-03,2020-01-03,S63,0.335122338
2020-01-03,2020-01-03,S11,0.335874037
2020-01-03,2020-01-03,S50,0.337885748
2020-01-03,2020-01-03,S27,0.338183496
2020-01-03,2020-01-03,S53,0.338345856
2020-01-03,2020-01-03,S13,0.339160045
2020-01-03,2020-01-03,S46,0.339452425
2020-01-03,2020-01-03,S34,0.339967726
2020-01-03,2020-01-03,S52,0.34106909
2020-01-03,2020-01-03,S49,0.342381659
2020-01-03,2020-01-03,S15,0.342708437
2020-01-03,2020-01-03,S47,0.345141633
2020-01-07,2020-01-07,S56,0.316961834
2020-01-07,2020-01-07,S46,0.319829322
2020-01-07,2020-01-07,S57,0.321925896
2020-01-07,2020-01-07,S47,0.325304338
2020-01-07,2020-01-07,S15,0.326731788
2020-01-07,2020-01-07,S36,0.327410332
2020-01-07,2020-01-07,S40,0.32931271
2020-01-07,2020-01-07,S39,0.330135184
2020-01-07,2020-01-07,S12,0.33048154
2020-01-07,2020-01-07,S64,0.331410374
2020-01-07,2020-01-07,S16,0.332473617
2020-01-07,2020-01-07,S19,0.332549575
2020-01-07,2020-01-07,S51,0.333064549
2020-01-07,2020-01-07,S10,0.333509098
2020-01-07,2020-01-07,S18,0.334013513
2020-01-07,2020-01-07,S54,0.334796389
2020-01-07,2020-01-07,S13,0.335396186
2020-01-07,2020-01-07,S52,0.335706035
2020-01-07,2020-01-07,S11,0.340305554
2020-01-07,2020-01-07,S6,0.340765023
2020-01-08,2020-01-08,S56,0.31059678
2020-01-08,2020-01-08,S36,0.320397724
2020-01-08,2020-01-08,S11,0.327050179
2020-01-08,2020-01-08,S54,0.328027278
2020-01-08,2020-01-08,S51,0.332437454
2020-01-08,2020-01-08,S40,0.335314417
2020-01-08,2020-01-08,S60,0.335671412
2020-01-08,2020-01-08,S47,0.336608392
2020-01-08,2020-01-08,S57,0.337460031
2020-01-08,2020-01-08,S22,0.342916729
2020-01-08,2020-01-08,S52,0.343019058
2020-01-08,2020-01-08,S6,0.343565226
2020-01-08,2020-01-08,S15,0.345630957
2020-01-08,2020-01-08,S12,0.348050223
2020-01-08,2020-01-08,S39,0.353884675
2020-01-08,2020-01-08,S46,0.355857764
2020-01-08,2020-01-08,S63,0.355983928
2020-01-08,2020-01-08,S24,0.356062848
2020-01-08,2020-01-08,S50,0.35627048
2020-01-08,2020-01-08,S10,0.358380502
2020-01-09,2020-01-09,S56,0.31702563
2020-01-09,2020-01-09,S46,0.319840805
2020-01-09,2020-01-09,S47,0.328063923
2020-01-09,2020-01-09,S51,0.328930457
2020-01-09,2020-01-09,S15,0.329487012
2020-01-09,2020-01-09,S6,0.329679931
2020-01-09,2020-01-09,S12,0.33660437
2020-01-09,2020-01-09,S60,0.337205255
2020-01-09,2020-01-09,S57,0.341804648
2020-01-09,2020-01-09,S40,0.342622181
2020-01-09,2020-01-09,S36,0.345018062
2020-01-09,2020-01-09,S8,0.345362119
2020-01-09,2020-01-09,S22,0.345413664
2020-01-09,2020-01-09,S13,0.345789619
2020-01-09,2020-01-09,S52,0.345809217
2020-01-09,2020-01-09,S10,0.345839857
2020-01-09,2020-01-09,S64,0.346214753
2020-01-09,2020-01-09,S39,0.348225279
2020-01-09,2020-01-09,S11,0.348758707
2020-01-09,2020-01-09,S25,0.348956396
2020-01-10,2020-01-10,S51,0.29555014
2020-01-10,2020-01-10,S57,0.308642295
2020-01-10,2020-01-10,S47,0.314497105
2020-01-10,2020-01-10,S27,0.32466343
2020-01-10,2020-01-10,S4,0.327328012
2020-01-10,2020-01-10,S36,0.328083478
2020-01-10,2020-01-10,S56,0.328809403
2020-01-10,2020-01-10,S18,0.330053459
2020-01-10,2020-01-10,S46,0.334600956
2020-01-10,2020-01-10,S20,0.335532821
2020-01-10,2020-01-10,S15,0.33647383
2020-01-10,2020-01-10,S10,0.337151188
2020-01-10,2020-01-10,S40,0.339314682
2020-01-10,2020-01-10,S52,0.339626952
2020-01-10,2020-01-10,S50,0.343388888
2020-01-10,2020-01-10,S54,0.345132404
2020-01-10,2020-01-10,S12,0.346727568
2020-01-10,2020-01-10,S6,0.346804127
2020-01-10,2020-01-10,S16,0.348490815
2020-01-10,2020-01-10,S19,0.348717137
2020-01-14,2020-01-14,S36,0.316109947
2020-01-14,2020-01-14,S56,0.317130595
2020-01-14,2020-01-14,S47,0.322431315
2020-01-14,2020-01-14,S15,0.326675352
2020-01-14,2020-01-14,S49,0.32671655
2020-01-14,2020-01-14,S51,0.328062217
2020-01-14,2020-01-14,S22,0.336748916
2020-01-14,2020-01-14,S52,0.337450378
2020-01-14,2020-01-14,S54,0.338852802
2020-01-14,2020-01-14,S10,0.33904014
2020-01-14,2020-01-14,S27,0.341685387
2020-01-14,2020-01-14,S57,0.34178927
2020-01-14,2020-01-14,S11,0.343666995
2020-01-14,2020-01-14,S13,0.344441067
2020-01-14,2020-01-14,S18,0.347230791
2020-01-14,2020-01-14,S46,0.347264516
2020-01-14,2020-01-14,S40,0.34733492
2020-01-14,2020-01-14,S34,0.348753119
2020-01-14,2020-01-14,S20,0.349716761
2020-01-14,2020-01-14,S64,0.352048192
2020-01-15,2020-01-15,S56,0.321379683
2020-01-15,2020-01-15,S57,0.324647376
2020-01-15,2020-01-15,S60,0.33079874
2020-01-15,2020-01-15,S46,0.332866163
2020-01-15,2020-01-15,S51,0.343923613
2020-01-15,2020-01-15,S29,0.345688577
2020-01-15,2020-01-15,S13,0.346353974
2020-01-15,2020-01-15,S33,0.347798762
2020-01-15,2020-01-15,S11,0.351528835
2020-01-15,2020-01-15,S18,0.352148686
2020-01-15,2020-01-15,S52,0.355864317
2020-01-15,2020-01-15,S10,0.3559889
2020-01-15,2020-01-15,S6,0.357791953
2020-01-15,2020-01-15,S22,0.357819661
2020-01-15,2020-01-15,S37,0.360334285
2020-01-15,2020-01-15,S39,0.360473897
2020-01-15,2020-01-15,S54,0.362119159
2020-01-15,2020-01-15,S34,0.363447501
2020-01-15,2020-01-15,S19,0.367027674
2020-01-15,2020-01-15,S49,0.367404147
2020-01-16,2020-01-16,S49,0.309074088
2020-01-16,2020-01-16,S56,0.310649702
2020-01-16,2020-01-16,S4,0.310797185
2020-01-16,2020-01-16,S54,0.312501143
2020-01-16,2020-01-16,S36,0.314067958
2020-01-16,2020-01-16,S51,0.315293242
2020-01-16,2020-01-16,S52,0.316720938
2020-01-16,2020-01-16,S50,0.317910711
2020-01-16,2020-01-16,S57,0.322460024
2020-01-16,2020-01-16,S6,0.327735963
2020-01-16,2020-01-16,S11,0.328873691
2020-01-16,2020-01-16,S39,0.329161002
2020-01-16,2020-01-16,S10,0.329413919
2020-01-16,2020-01-16,S63,0.335299175
2020-01-16,2020-01-16,S16,0.337264126
2020-01-16,2020-01-16,S34,0.337366993
2020-01-16,2020-01-16,S13,0.338321247
2020-01-16,2020-01-16,S5,0.340347033
2020-01-16,2020-01-16,S27,0.341956882
2020-01-16,2020-01-16,S64,0.34351335
2020-01-17,2020-01-17,S60,0.309255257
2020-01-17,2020-01-17,S56,0.316261112
2020-01-17,2020-01-17,S10,0.319564732
2020-01-17,2020-01-17,S15,0.324080612
2020-01-17,2020-01-17,S51,0.324481275
2020-01-17,2020-01-17,S40,0.330600796
2020-01-17,2020-01-17,S30,0.331040667
2020-01-17,2020-01-17,S13,0.332425885
2020-01-17,2020-01-17,S39,0.333878157
2020-01-17,2020-01-17,S14,0.334321083
2020-01-17,2020-01-17,S47,0.337581037
2020-01-17,2020-01-17,S18,0.340766233
2020-01-17,2020-01-17,S54,0.344242612
2020-01-17,2020-01-17,S5,0.34573883
2020-01-17,2020-01-17,S46,0.346064752
2020-01-17,2020-01-17,S24,0.347310183
2020-01-17,2020-01-17,S6,0.348515576
2020-01-17,2020-01-17,S57,0.349883727
2020-01-17,2020-01-17,S4,0.352676312
2020-01-17,2020-01-17,S34,0.355092143
2020-01-22,2020-01-22,S56,0.280210128
2020-01-22,2020-01-22,S15,0.297256465
2020-01-22,2020-01-22,S27,0.3004136
2020-01-22,2020-01-22,S57,0.302867585
2020-01-22,2020-01-22,S4,0.305729693
2020-01-22,2020-01-22,S36,0.306196362
2020-01-22,2020-01-22,S40,0.306849317
2020-01-22,2020-01-22,S60,0.307301876
2020-01-22,2020-01-22,S51,0.308667485
2020-01-22,2020-01-22,S18,0.313428996
2020-01-22,2020-01-22,S39,0.313449539
2020-01-22,2020-01-22,S52,0.316238735
2020-01-22,2020-01-22,S32,0.317754893
2020-01-22,2020-01-22,S22,0.319493664
2020-01-22,2020-01-22,S53,0.32140976
2020-01-22,2020-01-22,S34,0.322531406
2020-01-22,2020-01-22,S33,0.324941082
2020-01-22,2020-01-22,S11,0.326598545
2020-01-22,2020-01-22,S50,0.326779222
2020-01-22,2020-01-22,S6,0.328830793
2020-01-24,2020-01-24,S56,0.305759917
2020-01-24,2020-01-24,S51,0.306382727
2020-01-24,2020-01-24,S13,0.323023163
2020-01-24,2020-01-24,S52,0.323582014
2020-01-24,2020-01-24,S47,0.327640658
2020-01-24,2020-01-24,S10,0.330106043
2020-01-24,2020-01-24,S22,0.33123119
2020-01-24,2020-01-24,S40,0.335109886
2020-01-24,2020-01-24,S39,0.335505235
2020-01-24,2020-01-24,S57,0.335896935
2020-01-24,2020-01-24,S60,0.336273497
2020-01-24,2020-01-24,S18,0.337262592
2020-01-24,2020-01-24,S49,0.33750685
2020-01-24,2020-01-24,S6,0.338499803
2020-01-24,2020-01-24,S11,0.342342476
2020-01-24,2020-01-24,S46,0.34370711
2020-01-24,2020-01-24,S15,0.344881413
2020-01-24,2020-01-24,S34,0.346238118
2020-01-24,2020-01-24,S4,0.34814184
2020-01-24,2020-01-24,S27,0.352096706
2020-02-10,2020-02-10,S15,0.301028929
2020-02-10,2020-02-10,S18,0.3032376
2020-02-10,2020-02-10,S56,0.311437438
2020-02-10,2020-02-10,S60,0.312669955
2020-02-10,2020-02-10,S10,0.313157342
2020-02-10,2020-02-10,S47,0.32099211
2020-02-10,2020-02-10,S57,0.322556927
2020-02-10,2020-02-10,S6,0.322845453
2020-02-10,2020-02-10,S54,0.32717314
2020-02-10,2020-02-10,S27,0.32989552
2020-02-10,2020-02-10,S34,0.331693229
2020-02-10,2020-02-10,S13,0.333775222
2020-02-10,2020-02-10,S36,0.333946104
2020-02-10,2020-02-10,S49,0.334465705
2020-02-10,2020-02-10,S51,0.337806701
2020-02-10,2020-02-10,S40,0.338914844
2020-02-10,2020-02-10,S50,0.339417441
2020-02-10,2020-02-10,S46,0.339665173
2020-02-10,2020-02-10,S22,0.33982236
2020-02-10,2020-02-10,S53,0.344484613
2020-02-18,2020-02-18,S10,0.31959324
2020-02-18,2020-02-18,S56,0.32494441
2020-02-18,2020-02-18,S15,0.325375664
2020-02-18,2020-02-18,S47,0.325600081
2020-02-18,2020-02-18,S57,0.333123751
2020-02-18,2020-02-18,S33,0.335530604
2020-02-18,2020-02-18,S60,0.34129518
2020-02-18,2020-02-18,S40,0.341534419
2020-02-18,2020-02-18,S39,0.345370622
2020-02-18,2020-02-18,S53,0.346979482
2020-02-18,2020-02-18,S51,0.349836954
2020-02-18,2020-02-18,S6,0.349884034
2020-02-18,2020-02-18,S46,0.349991772
2020-02-18,2020-02-18,S4,0.351781785
2020-02-18,2020-02-18,S50,0.352180289
2020-02-18,2020-02-18,S54,0.352735357
2020-02-18,2020-02-18,S22,0.353782211
2020-02-18,2020-02-18,S34,0.354385194
2020-02-18,2020-02-18,S18,0.355613777
2020-02-18,2020-02-18,S27,0.355894244
2020-02-20,2020-02-20,S15,0.305737899
2020-02-20,2020-02-20,S10,0.307111917
2020-02-20,2020-02-20,S51,0.307982952
2020-02-20,2020-02-20,S18,0.310237642
2020-02-20,2020-02-20,S39,0.312218155
2020-02-20,2020-02-20,S13,0.313179034
2020-02-20,2020-02-20,S60,0.314158475
2020-02-20,2020-02-20,S27,0.316053199
2020-02-20,2020-02-20,S57,0.317624491
2020-02-20,2020-02-20,S56,0.31863481
2020-02-20,2020-02-20,S24,0.320079802
2020-02-20,2020-02-20,S14,0.323934953
2020-02-20,2020-02-20,S4,0.327524861
2020-02-20,2020-02-20,S30,0.328417662
2020-02-20,2020-02-20,S34,0.329271929
2020-02-20,2020-02-20,S50,0.331073564
2020-02-20,2020-02-20,S54,0.33121953
2020-02-20,2020-02-20,S6,0.331483423
2020-02-20,2020-02-20,S22,0.331707678
2020-02-20,2020-02-20,S7,0.333321366
2020-02-27,2020-02-27,S15,0.309452549
2020-02-27,2020-02-27,S51,0.318252186
2020-02-27,2020-02-27,S18,0.31980223
2020-02-27,2020-02-27,S56,0.323322758
2020-02-27,2020-02-27,S60,0.33094253
2020-02-27,2020-02-27,S53,0.33128693
2020-02-27,2020-02-27,S40,0.331503386
2020-02-27,2020-02-27,S47,0.331879914
2020-02-27,2020-02-27,S49,0.335174338
2020-02-27,2020-02-27,S50,0.335662277
2020-02-27,2020-02-27,S27,0.336823943
2020-02-27,2020-02-27,S57,0.337417801
2020-02-27,2020-02-27,S34,0.338042603
2020-02-27,2020-02-27,S4,0.339313977
2020-02-27,2020-02-27,S10,0.341230829
2020-02-27,2020-02-27,S33,0.341666651
2020-02-27,2020-02-27,S13,0.342479959
2020-02-27,2020-02-27,S64,0.344129284
2020-02-27,2020-02-27,S7,0.344430164
2020-02-27,2020-02-27,S12,0.345525411
2020-03-01,2020-03-01,S18,0.355652466
2020-03-01,2020-03-01,S56,0.35634929
2020-03-01,2020-03-01,S47,0.357635233
2020-03-01,2020-03-01,S27,0.367182293
2020-03-01,2020-03-01,S34,0.367398023
2020-03-01,2020-03-01,S51,0.369637896
2020-03-01,2020-03-01,S15,0.371570933
2020-03-01,2020-03-01,S10,0.372398882
2020-03-01,2020-03-01,S46,0.372400011
2020-03-01,2020-03-01,S60,0.37469402
2020-03-01,2020-03-01,S29,0.375172972
2020-03-01,2020-03-01,S53,0.376690968
2020-03-01,2020-03-01,S11,0.378138028
2020-03-01,2020-03-01,S33,0.378691425
2020-03-01,2020-03-01,S57,0.380470454
2020-03-01,2020-03-01,S4,0.384385842
2020-03-01,2020-03-01,S6,0.386641848
2020-03-01,2020-03-01,S7,0.392691423
2020-03-01,2020-03-01,S50,0.393722089
2020-03-01,2020-03-01,S63,0.39609111
2020-03-03,2020-03-03,S15,0.350737691
2020-03-03,2020-03-03,S56,0.355369572
2020-03-03,2020-03-03,S27,0.356350411
2020-03-03,2020-03-03,S60,0.357180747
2020-03-03,2020-03-03,S18,0.369684556
2020-03-03,2020-03-03,S11,0.374706873
2020-03-03,2020-03-03,S47,0.378095349
2020-03-03,2020-03-03,S34,0.37910094
2020-03-03,2020-03-03,S7,0.379856063
2020-03-03,2020-03-03,S57,0.381565234
2020-03-03,2020-03-03,S4,0.383366876
2020-03-03,2020-03-03,S53,0.383571024
2020-03-03,2020-03-03,S10,0.383651048
2020-03-03,2020-03-03,S51,0.385269051
2020-03-03,2020-03-03,S23,0.390996024
2020-03-03,2020-03-03,S54,0.391783828
2020-03-03,2020-03-03,S22,0.396203736
2020-03-03,2020-03-03,S19,0.396387796
2020-03-03,2020-03-03,S24,0.398182555
2020-03-03,2020-03-03,S29,0.400150754
2020-03-28,2020-03-28,S33,0.461730688
2020-03-28,2020-03-28,S34,0.466968727
2020-03-28,2020-03-28,S14,0.471471033
2020-03-28,2020-03-28,S4,0.472728291
2020-03-28,2020-03-28,S30,0.472776948
2020-03-28,2020-03-28,S8,0.477213114
2020-03-28,2020-03-28,S6,0.480585417
2020-03-28,2020-03-28,S47,0.480988179
2020-03-28,2020-03-28,S50,0.481329679
2020-03-28,2020-03-28,S19,0.482592968
2020-03-28,2020-03-28,S56,0.484101673
2020-03-28,2020-03-28,S46,0.485156832
2020-03-28,2020-03-28,S37,0.486392642
2020-03-28,2020-03-28,S60,0.488200423
2020-03-28,2020-03-28,S10,0.488632554
2020-03-28,2020-03-28,S9,0.491341479
2020-03-28,2020-03-28,S11,0.491913484
2020-03-28,2020-03-28,S57,0.492482183
2020-03-28,2020-03-28,S44,0.492536096
2020-03-28,2020-03-28,S61,0.4941181
2020-05-06,2020-05-06,S11,0.445483247
2020-05-06,2020-05-06,S34,0.460489518
2020-05-06,2020-05-06,S24,0.461978347
2020-05-06,2020-05-06,S47,0.462709029
2020-05-06,2020-05-06,S27,0.468674952
2020-05-06,2020-05-06,S60,0.471677365
2020-05-06,2020-05-06,S10,0.47384666
2020-05-06,2020-05-06,S21,0.474335832
2020-05-06,2020-05-06,S12,0.475758685
2020-05-06,2020-05-06,S39,0.477184466
2020-05-06,2020-05-06,S4,0.479385752
2020-05-06,2020-05-06,S57,0.479595807
2020-05-06,2020-05-06,S19,0.481794309
2020-05-06,2020-05-06,S33,0.482089876
2020-05-06,2020-05-06,S56,0.482162071
2020-05-06,2020-05-06,S37,0.484736203
2020-05-06,2020-05-06,S22,0.486223545
2020-05-06,2020-05-06,S45,0.486494904
2020-05-06,2020-05-06,S7,0.486798004
2020-05-06,2020-05-06,S9,0.487138884
2020-06-09,2020-06-09,S33,0.43959214
2020-06-09,2020-06-09,S11,0.440897254
2020-06-09,2020-06-09,S56,0.449500035
2020-06-09,2020-06-09,S34,0.452565736
2020-06-09,2020-06-09,S37,0.458421765
2020-06-09,2020-06-09,S6,0.458692519
2020-06-09,2020-06-09,S28,0.459487306
2020-06-09,2020-06-09,S27,0.466290733
2020-06-09,2020-06-09,S30,0.467731805
2020-06-09,2020-06-09,S4,0.472505604
2020-06-09,2020-06-09,S47,0.474147373
2020-06-09,2020-06-09,S53,0.478637224
2020-06-09,2020-06-09,S13,0.479275551
2020-06-09,2020-06-09,S12,0.480068028
2020-06-09,2020-06-09,S35,0.482610088
2020-06-09,2020-06-09,S57,0.483367927
2020-06-09,2020-06-09,S15,0.485425307
2020-06-09,2020-06-09,S38,0.486451867
2020-06-09,2020-06-09,S39,0.486612051
2020-06-09,2020-06-09,S55,0.488252336
2020-07-22,2020-07-22,S57,0.398989336
2020-07-22,2020-07-22,S15,0.400255514
2020-07-22,2020-07-22,S37,0.403071924
2020-07-22,2020-07-22,S24,0.412876206
2020-07-22,2020-07-22,S28,0.413410012
2020-07-22,2020-07-22,S19,0.41460352
2020-07-22,2020-07-22,S29,0.41562743
2020-07-22,2020-07-22,S14,0.416085114
2020-07-22,2020-07-22,S52,0.417831294
2020-07-22,2020-07-22,S30,0.419997858
2020-07-22,2020-07-22,S33,0.420160186
2020-07-22,2020-07-22,S10,0.422837672
2020-07-22,2020-07-22,S47,0.423285436
2020-07-22,2020-07-22,S62,0.424322276
2020-07-22,2020-07-22,S56,0.424443159
2020-07-22,2020-07-22,S39,0.428888327
2020-07-22,2020-07-22,S51,0.42889346
2020-07-22,2020-07-22,S4,0.429385924
2020-07-22,2020-07-22,S31,0.430354161
2020-07-22,2020-07-22,S48,0.431724851
2020-08-04,2020-08-04,S34,0.426786035
2020-08-04,2020-08-04,S7,0.429999677
2020-08-04,2020-08-04,S33,0.433069561
2020-08-04,2020-08-04,S48,0.436013745
2020-08-04,2020-08-04,S19,0.436324574
2020-08-04,2020-08-04,S37,0.437304648
2020-08-04,2020-08-04,S39,0.438755694
2020-08-04,2020-08-04,S15,0.44164096
2020-08-04,2020-08-04,S13,0.444461478
2020-08-04,2020-08-04,S14,0.444756224
2020-08-04,2020-08-04,S56,0.44496273
2020-08-04,2020-08-04,S52,0.445065481
2020-08-04,2020-08-04,S11,0.445497474
2020-08-04,2020-08-04,S46,0.446094159
2020-08-04,2020-08-04,S36,0.446285959
2020-08-04,2020-08-04,S42,0.44652431
2020-08-04,2020-08-04,S4,0.447619714
2020-08-04,2020-08-04,S18,0.450058578
2020-08-04,2020-08-04,S10,0.450673811
2020-08-04,2020-08-04,S50,0.452665727
2020-09-01,2020-09-01,S18,0.396378691
2020-09-01,2020-09-01,S34,0.402837261
2020-09-01,2020-09-01,S27,0.407254306
2020-09-01,2020-09-01,S33,0.407844819
2020-09-01,2020-09-01,S39,0.408325406
2020-09-01,2020-09-01,S47,0.408364101
2020-09-01,2020-09-01,S15,0.408429526
2020-09-01,2020-09-01,S45,0.409691282
2020-09-01,2020-09-01,S50,0.411581103
2020-09-01,2020-09-01,S32,0.412165341
2020-09-01,2020-09-01,S36,0.412508895
2020-09-01,2020-09-01,S19,0.413278736
2020-09-01,2020-09-01,S6,0.413596483
2020-09-01,2020-09-01,S40,0.414740805
2020-09-01,2020-09-01,S22,0.415243027
2020-09-01,2020-09-01,S54,0.415383441
2020-09-01,2020-09-01,S4,0.415919517
2020-09-01,2020-09-01,S57,0.415996843
2020-09-01,2020-09-01,S46,0.416318551
2020-09-01,2020-09-01,S63,0.416785067
2020-10-23,2020-10-23,S33,0.40364926
2020-10-23,2020-10-23,S37,0.412657343
2020-10-23,2020-10-23,S34,0.412835892
2020-10-23,2020-10-23,S19,0.41512679
2020-10-23,2020-10-23,S50,0.418209224
2020-10-23,2020-10-23,S13,0.418445501
2020-10-23,2020-10-23,S56,0.418920498
2020-10-23,2020-10-23,S22,0.420730039
2020-10-23,2020-10-23,S54,0.421058799
2020-10-23,2020-10-23,S30,0.422727628
2020-10-23,2020-10-23,S40,0.424106801
2020-10-23,2020-10-23,S15,0.424338342
2020-10-23,2020-10-23,S57,0.425767765
2020-10-23,2020-10-23,S11,0.425861581
2020-10-23,2020-10-23,S4,0.425957084
2020-10-23,2020-10-23,S7,0.426091758
2020-10-23,2020-10-23,S39,0.428281889
2020-10-23,2020-10-23,S51,0.42881042
2020-10-23,2020-10-23,S27,0.430201072
2020-10-23,2020-10-23,S6,0.430380055
2020-10-28,2020-10-28,S39,0.404231902
2020-10-28,2020-10-28,S14,0.406425327
2020-10-28,2020-10-28,S29,0.415378369
2020-10-28,2020-10-28,S34,0.416275761
2020-10-28,2020-10-28,S33,0.419354344
2020-10-28,2020-10-28,S51,0.420930097
2020-10-28,2020-10-28,S47,0.421617642
2020-10-28,2020-10-28,S22,0.423456881
2020-10-28,2020-10-28,S19,0.423628793
2020-10-28,2020-10-28,S50,0.424092436
2020-10-28,2020-10-28,S54,0.424785828
2020-10-28,2020-10-28,S24,0.425670238
2020-10-28,2020-10-28,S4,0.426599068
2020-10-28,2020-10-28,S27,0.428971576
2020-10-28,2020-10-28,S15,0.429571166
2020-10-28,2020-10-28,S46,0.430578822
2020-10-28,2020-10-28,S10,0.435829059
2020-10-28,2020-10-28,S13,0.436813048
2020-10-28,2020-10-28,S37,0.437400185
2020-10-28,2020-10-28,S62,0.437411449
2020-10-30,2020-10-30,S57,0.388173189
2020-10-30,2020-10-30,S51,0.402478462
2020-10-30,2020-10-30,S34,0.402676468
2020-10-30,2020-10-30,S27,0.410862903
2020-10-30,2020-10-30,S56,0.411497918
2020-10-30,2020-10-30,S47,0.412012223
2020-10-30,2020-10-30,S9,0.414109205
2020-10-30,2020-10-30,S50,0.415702034
2020-10-30,2020-10-30,S22,0.416354697
2020-10-30,2020-10-30,S29,0.41721273
2020-10-30,2020-10-30,S53,0.418043345
2020-10-30,2020-10-30,S54,0.41939975
2020-10-30,2020-10-30,S48,0.422458765
2020-10-30,2020-10-30,S5,0.422609094
2020-10-30,2020-10-30,S55,0.424477006
2020-10-30,2020-10-30,S39,0.424665348
2020-10-30,2020-10-30,S13,0.428466691
2020-10-30,2020-10-30,S15,0.428959193
2020-10-30,2020-10-30,S49,0.429240069
2020-10-30,2020-10-30,S33,0.429434318
2021-03-15,2021-03-15,S15,0.307786975
2021-03-15,2021-03-15,S10,0.310217542
2021-03-15,2021-03-15,S33,0.312139708
2021-03-15,2021-03-15,S46,0.314050886
2021-03-15,2021-03-15,S56,0.31475422
2021-03-15,2021-03-15,S36,0.316734544
2021-03-15,2021-03-15,S9,0.316736311
2021-03-15,2021-03-15,S19,0.319398492
2021-03-15,2021-03-15,S48,0.321485864
2021-03-15,2021-03-15,S29,0.323433067
2021-03-15,2021-03-15,S41,0.324028511
2021-03-15,2021-03-15,S51,0.324434165
2021-03-15,2021-03-15,S34,0.32529451
2021-03-15,2021-03-15,S24,0.325311413
2021-03-15,2021-03-15,S22,0.325391175
2021-03-15,2021-03-15,S12,0.326037049
2021-03-15,2021-03-15,S25,0.326587967
2021-03-15,2021-03-15,S7,0.327548351
2021-03-15,2021-03-15,S47,0.328070718
2021-03-15,2021-03-15,S52,0.328256709
2021-03-18,2021-03-18,S56,0.309646631
2021-03-18,2021-03-18,S28,0.314988373
2021-03-18,2021-03-18,S33,0.316035496
2021-03-18,2021-03-18,S40,0.326238221
2021-03-18,2021-03-18,S19,0.333534
2021-03-18,2021-03-18,S49,0.334336958
2021-03-18,2021-03-18,S39,0.3349957
2021-03-18,2021-03-18,S29,0.336078213
2021-03-18,2021-03-18,S27,0.33611406
2021-03-18,2021-03-18,S48,0.336202323
2021-03-18,2021-03-18,S11,0.336530982
2021-03-18,2021-03-18,S36,0.340190536
2021-03-18,2021-03-18,S52,0.340719308
2021-03-18,2021-03-18,S46,0.341727186
2021-03-18,2021-03-18,S15,0.342618191
2021-03-18,2021-03-18,S34,0.344242652
2021-03-18,2021-03-18,S51,0.344379091
2021-03-18,2021-03-18,S7,0.344894726
2021-03-18,2021-03-18,S24,0.346509015
2021-03-18,2021-03-18,S55,0.349096632
2021-03-22,2021-03-22,S10,0.321541256
2021-03-22,2021-03-22,S56,0.333660773
2021-03-22,2021-03-22,S11,0.335295237
2021-03-22,2021-03-22,S52,0.335413497
2021-03-22,2021-03-22,S15,0.335555958
2021-03-22,2021-03-22,S40,0.338545555
2021-03-22,2021-03-22,S13,0.338876744
2021-03-22,2021-03-22,S55,0.339464821
2021-03-22,2021-03-22,S33,0.340151856
2021-03-22,2021-03-22,S29,0.343820043
2021-03-22,2021-03-22,S27,0.344857242
2021-03-22,2021-03-22,S39,0.346082695
2021-03-22,2021-03-22,S24,0.347739712
2021-03-22,2021-03-22,S4,0.347931027
2021-03-22,2021-03-22,S34,0.348495393
2021-03-22,2021-03-22,S51,0.348617282
2021-03-22,2021-03-22,S12,0.349862257
2021-03-22,2021-03-22,S57,0.35039941
2021-03-22,2021-03-22,S54,0.351282428
2021-03-22,2021-03-22,S48,0.351407051
2021-03-23,2021-03-23,S32,0.310427319
2021-03-23,2021-03-23,S64,0.31147792
2021-03-23,2021-03-23,S29,0.317537205
2021-03-23,2021-03-23,S10,0.317846334
2021-03-23,2021-03-23,S15,0.317975268
2021-03-23,2021-03-23,S33,0.31805587
2021-03-23,2021-03-23,S60,0.318139585
2021-03-23,2021-03-23,S48,0.319572272
2021-03-23,2021-03-23,S52,0.319692308
2021-03-23,2021-03-23,S55,0.32070257
2021-03-23,2021-03-23,S11,0.32125972
2021-03-23,2021-03-23,S47,0.321508798
2021-03-23,2021-03-23,S18,0.322395345
2021-03-23,2021-03-23,S34,0.323947309
2021-03-23,2021-03-23,S51,0.324664122
2021-03-23,2021-03-23,S30,0.32657659
2021-03-23,2021-03-23,S24,0.326643052
2021-03-23,2021-03-23,S23,0.327548007
2021-03-23,2021-03-23,S28,0.327808426
2021-03-23,2021-03-23,S50,0.328559862
2021-03-25,2021-03-25,S56,0.311905375
2021-03-25,2021-03-25,S22,0.314980758
2021-03-25,2021-03-25,S15,0.318070186
2021-03-25,2021-03-25,S4,0.318172335
2021-03-25,2021-03-25,S10,0.318830534
2021-03-25,2021-03-25,S33,0.319888671
2021-03-25,2021-03-25,S46,0.322087363
2021-03-25,2021-03-25,S52,0.324695674
2021-03-25,2021-03-25,S28,0.325776145
2021-03-25,2021-03-25,S5,0.325909162
2021-03-25,2021-03-25,S34,0.327035481
2021-03-25,2021-03-25,S20,0.327738187
2021-03-25,2021-03-25,S14,0.327769628
2021-03-25,2021-03-25,S29,0.328148705
2021-03-25,2021-03-25,S48,0.328643123
2021-03-25,2021-03-25,S63,0.328728238
2021-03-25,2021-03-25,S16,0.329605826
2021-03-25,2021-03-25,S27,0.329792972
2021-03-25,2021-03-25,S37,0.330073724
2021-03-25,2021-03-25,S57,0.330296827
2021-03-29,2021-03-29,S55,0.300676174
2021-03-29,2021-03-29,S15,0.305126712
2021-03-29,2021-03-29,S25,0.310322217
2021-03-29,2021-03-29,S33,0.311001738
2021-03-29,2021-03-29,S20,0.312747473
2021-03-29,2021-03-29,S29,0.313540106
2021-03-29,2021-03-29,S52,0.314740676
2021-03-29,2021-03-29,S53,0.322297292
2021-03-29,2021-03-29,S56,0.322714701
2021-03-29,2021-03-29,S64,0.323717184
2021-03-29,2021-03-29,S34,0.326016419
2021-03-29,2021-03-29,S46,0.326153686
2021-03-29,2021-03-29,S36,0.327701567
2021-03-29,2021-03-29,S57,0.327920781
2021-03-29,2021-03-29,S16,0.330733002
2021-03-29,2021-03-29,S19,0.331084143
2021-03-29,2021-03-29,S27,0.332052928
2021-03-29,2021-03-29,S18,0.335053391
2021-03-29,2021-03-29,S10,0.335332471
2021-03-29,2021-03-29,S11,0.336374547
2021-04-06,2021-04-06,S33,0.294890062
2021-04-06,2021-04-06,S48,0.299903678
2021-04-06,2021-04-06,S34,0.304359852
2021-04-06,2021-04-06,S49,0.30459099
2021-04-06,2021-04-06,S15,0.304729805
2021-04-06,2021-04-06,S56,0.304911362
2021-04-06,2021-04-06,S53,0.310530396
2021-04-06,2021-04-06,S11,0.316021799
2021-04-06,2021-04-06,S40,0.316264095
2021-04-06,2021-04-06,S57,0.316974944
2021-04-06,2021-04-06,S13,0.318457378
2021-04-06,2021-04-06,S42,0.318923726
2021-04-06,2021-04-06,S28,0.320274392
2021-04-06,2021-04-06,S44,0.320526761
2021-04-06,2021-04-06,S35,0.32074455
2021-04-06,2021-04-06,S46,0.320938305
2021-04-06,2021-04-06,S55,0.321653507
2021-04-06,2021-04-06,S51,0.322898109
2021-04-06,2021-04-06,S19,0.323302607
2021-04-06,2021-04-06,S1,0.325279383
2021-04-08,2021-04-08,S33,0.296250398
2021-04-08,2021-04-08,S55,0.308560743
2021-04-08,2021-04-08,S15,0.311289246
2021-04-08,2021-04-08,S13,0.313321891
2021-04-08,2021-04-08,S56,0.316112712
2021-04-08,2021-04-08,S11,0.317214335
2021-04-08,2021-04-08,S4,0.31746139
2021-04-08,2021-04-08,S53,0.320430899
2021-04-08,2021-04-08,S28,0.323137337
2021-04-08,2021-04-08,S34,0.323767001
2021-04-08,2021-04-08,S46,0.325402751
2021-04-08,2021-04-08,S52,0.327567485
2021-04-08,2021-04-08,S20,0.328217959
2021-04-08,2021-04-08,S25,0.329457625
2021-04-08,2021-04-08,S16,0.330987803
2021-04-08,2021-04-08,S60,0.332107458
2021-04-08,2021-04-08,S57,0.333479179
2021-04-08,2021-04-08,S1,0.333627661
2021-04-08,2021-04-08,S7,0.334014312
2021-04-08,2021-04-08,S48,0.334241034
2021-04-12,2021-04-12,S33,0.327227821
2021-04-12,2021-04-12,S11,0.331886028
2021-04-12,2021-04-12,S51,0.337303787
2021-04-12,2021-04-12,S56,0.337852489
2021-04-12,2021-04-12,S52,0.3389985
2021-04-12,2021-04-12,S9,0.341358219
2021-04-12,2021-04-12,S23,0.341877394
2021-04-12,2021-04-12,S34,0.344296643
2021-04-12,2021-04-12,S40,0.344699556
2021-04-12,2021-04-12,S13,0.345926626
2021-04-12,2021-04-12,S46,0.346022007
2021-04-12,2021-04-12,S27,0.347458504
2021-04-12,2021-04-12,S41,0.347958038
2021-04-12,2021-04-12,S15,0.348394558
2021-04-12,2021-04-12,S57,0.349457429
2021-04-12,2021-04-12,S28,0.350794138
2021-04-12,2021-04-12,S19,0.350919607
2021-04-12,2021-04-12,S36,0.351144413
2021-04-12,2021-04-12,S29,0.351542848
2021-04-12,2021-04-12,S20,0.351715519
2021-04-20,2021-04-20,S51,0.302597217
2021-04-20,2021-04-20,S52,0.309893461
2021-04-20,2021-04-20,S64,0.312099957
2021-04-20,2021-04-20,S55,0.312522819
2021-04-20,2021-04-20,S10,0.31278838
2021-04-20,2021-04-20,S56,0.313927375
2021-04-20,2021-04-20,S34,0.314031919
2021-04-20,2021-04-20,S48,0.319271279
2021-04-20,2021-04-20,S7,0.321858919
2021-04-20,2021-04-20,S24,0.322535667
2021-04-20,2021-04-20,S19,0.322647893
2021-04-20,2021-04-20,S46,0.327588893
2021-04-20,2021-04-20,S11,0.328129217
2021-04-20,2021-04-20,S33,0.32825264
2021-04-20,2021-04-20,S43,0.329409501
2021-04-20,2021-04-20,S29,0.331221598
2021-04-20,2021-04-20,S4,0.331378645
2021-04-20,2021-04-20,S50,0.333148913
2021-04-20,2021-04-20,S15,0.333228314
2021-04-20,2021-04-20,S40,0.335658735
2021-04-22,2021-04-22,S10,0.315383096
2021-04-22,2021-04-22,S52,0.320404757
2021-04-22,2021-04-22,S33,0.323241351
2021-04-22,2021-04-22,S56,0.323968909
2021-04-22,2021-04-22,S55,0.325026742
2021-04-22,2021-04-22,S48,0.328824788
2021-04-22,2021-04-22,S5,0.32899421
2021-04-22,2021-04-22,S51,0.33100866
2021-04-22,2021-04-22,S1,0.331261654
2021-04-22,2021-04-22,S18,0.332419609
2021-04-22,2021-04-22,S4,0.333414072
2021-04-22,2021-04-22,S29,0.334537343
2021-04-22,2021-04-22,S47,0.335501846
2021-04-22,2021-04-22,S23,0.335758215
2021-04-22,2021-04-22,S34,0.336183296
2021-04-22,2021-04-22,S39,0.336500607
2021-04-22,2021-04-22,S11,0.336728932
2021-04-22,2021-04-22,S32,0.336758164
2021-04-22,2021-04-22,S35,0.337618387
2021-04-22,2021-04-22,S54,0.337762377
2021-04-28,2021-04-28,S56,0.313594906
2021-04-28,2021-04-28,S55,0.31885713
2021-04-28,2021-04-28,S52,0.323356826
2021-04-28,2021-04-28,S48,0.323793219
2021-04-28,2021-04-28,S61,0.326251153
2021-04-28,2021-04-28,S51,0.326772742
2021-04-28,2021-04-28,S64,0.328350528
2021-04-28,2021-04-28,S33,0.329045156
2021-04-28,2021-04-28,S24,0.330002419
2021-04-28,2021-04-28,S37,0.33061069
2021-04-28,2021-04-28,S29,0.330813419
2021-04-28,2021-04-28,S18,0.330953549
2021-04-28,2021-04-28,S12,0.332827912
2021-04-28,2021-04-28,S30,0.333083075
2021-04-28,2021-04-28,S27,0.333340689
2021-04-28,2021-04-28,S10,0.333836893
2021-04-28,2021-04-28,S19,0.334542004
2021-04-28,2021-04-28,S50,0.334610458
2021-04-28,2021-04-28,S34,0.334761239
2021-04-28,2021-04-28,S53,0.335222165
2021-05-05,2021-05-05,S53,0.305114176
2021-05-05,2021-05-05,S12,0.310373929
2021-05-05,2021-05-05,S16,0.310477801
2021-05-05,2021-05-05,S56,0.311559174
2021-05-05,2021-05-05,S28,0.313812523
2021-05-05,2021-05-05,S33,0.314317179
2021-05-05,2021-05-05,S10,0.316747623
2021-05-05,2021-05-05,S54,0.317394565
2021-05-05,2021-05-05,S9,0.317457387
2021-05-05,2021-05-05,S48,0.317496196
2021-05-05,2021-05-05,S60,0.318190918
2021-05-05,2021-05-05,S64,0.318498681
2021-05-05,2021-05-05,S47,0.322883639
2021-05-05,2021-05-05,S15,0.324811268
2021-05-05,2021-05-05,S57,0.325176303
2021-05-05,2021-05-05,S29,0.325411246
2021-05-05,2021-05-05,S20,0.325602605
2021-05-05,2021-05-05,S41,0.328147253
2021-05-05,2021-05-05,S52,0.328406401
2021-05-05,2021-05-05,S25,0.330970842
2021-05-06,2021-05-06,S20,0.288930561
2021-05-06,2021-05-06,S55,0.292236225
2021-05-06,2021-05-06,S7,0.30226059
2021-05-06,2021-05-06,S48,0.303183532
2021-05-06,2021-05-06,S40,0.306354902
2021-05-06,2021-05-06,S51,0.30936269
2021-05-06,2021-05-06,S33,0.310776307
2021-05-06,2021-05-06,S56,0.310860866
2021-05-06,2021-05-06,S10,0.311982122
2021-05-06,2021-05-06,S41,0.313059575
2021-05-06,2021-05-06,S25,0.3148489
2021-05-06,2021-05-06,S29,0.315252236
2021-05-06,2021-05-06,S46,0.31908956
2021-05-06,2021-05-06,S60,0.319248294
2021-05-06,2021-05-06,S23,0.319594257
2021-05-06,2021-05-06,S4,0.31983586
2021-05-06,2021-05-06,S64,0.320835573
2021-05-06,2021-05-06,S26,0.322401243
2021-05-06,2021-05-06,S13,0.32411572
2021-05-06,2021-05-06,S12,0.324155047
2021-05-13,2021-05-13,S9,0.301240457
2021-05-13,2021-05-13,S51,0.305254208
2021-05-13,2021-05-13,S11,0.307483917
2021-05-13,2021-05-13,S53,0.310079398
2021-05-13,2021-05-13,S33,0.31044867
2021-05-13,2021-05-13,S64,0.311623304
2021-05-13,2021-05-13,S14,0.313127609
2021-05-13,2021-05-13,S55,0.314293217
2021-05-13,2021-05-13,S27,0.314706544
2021-05-13,2021-05-13,S48,0.315632399
2021-05-13,2021-05-13,S6,0.316547624
2021-05-13,2021-05-13,S10,0.317286218
2021-05-13,2021-05-13,S15,0.317676386
2021-05-13,2021-05-13,S40,0.318830475
2021-05-13,2021-05-13,S26,0.321177974
2021-05-13,2021-05-13,S54,0.321265234
2021-05-13,2021-05-13,S34,0.322265134
2021-05-13,2021-05-13,S1,0.322823964
2021-05-13,2021-05-13,S29,0.324541157
2021-05-13,2021-05-13,S18,0.326809476
2021-05-20,2021-05-20,S61,0.333051662
2021-05-20,2021-05-20,S14,0.338045138
2021-05-20,2021-05-20,S55,0.33993954
2021-05-20,2021-05-20,S15,0.343257847
2021-05-20,2021-05-20,S10,0.343639334
2021-05-20,2021-05-20,S60,0.345467165
2021-05-20,2021-05-20,S4,0.346400335
2021-05-20,2021-05-20,S18,0.347543043
2021-05-20,2021-05-20,S27,0.349232924
2021-05-20,2021-05-20,S52,0.350483577
2021-05-20,2021-05-20,S64,0.351648422
2021-05-20,2021-05-20,S54,0.351968513
2021-05-20,2021-05-20,S7,0.353414206
2021-05-20,2021-05-20,S16,0.3539269
2021-05-20,2021-05-20,S11,0.354569128
2021-05-20,2021-05-20,S56,0.357049252
2021-05-20,2021-05-20,S46,0.357379551
2021-05-20,2021-05-20,S35,0.358368437
2021-05-20,2021-05-20,S29,0.358683215
2021-05-20,2021-05-20,S33,0.358946344
2021-05-24,2021-05-24,S37,0.35062635
2021-05-24,2021-05-24,S29,0.359923393
2021-05-24,2021-05-24,S52,0.360179814
2021-05-24,2021-05-24,S33,0.363010367
2021-05-24,2021-05-24,S10,0.36389702
2021-05-24,2021-05-24,S16,0.367483106
2021-05-24,2021-05-24,S56,0.367871054
2021-05-24,2021-05-24,S34,0.369588135
2021-05-24,2021-05-24,S4,0.370247693
2021-05-24,2021-05-24,S57,0.370752569
2021-05-24,2021-05-24,S64,0.37107958
2021-05-24,2021-05-24,S22,0.371352258
2021-05-24,2021-05-24,S27,0.373962315
2021-05-24,2021-05-24,S8,0.374858627
2021-05-24,2021-05-24,S11,0.375347673
2021-05-24,2021-05-24,S24,0.3760649
2021-05-24,2021-05-24,S54,0.376747547
2021-05-24,2021-05-24,S55,0.376761649
2021-05-24,2021-05-24,S15,0.377431929
2021-05-24,2021-05-24,S40,0.378959462
2021-05-31,2021-05-31,S48,0.358072655
2021-05-31,2021-05-31,S55,0.361971513
2021-05-31,2021-05-31,S33,0.370564201
2021-05-31,2021-05-31,S11,0.370838979
2021-05-31,2021-05-31,S15,0.372388456
2021-05-31,2021-05-31,S14,0.37375274
2021-05-31,2021-05-31,S10,0.375379617
2021-05-31,2021-05-31,S64,0.37613151
2021-05-31,2021-05-31,S24,0.378296682
2021-05-31,2021-05-31,S27,0.379241576
2021-05-31,2021-05-31,S39,0.380943728
2021-05-31,2021-05-31,S8,0.381087052
2021-05-31,2021-05-31,S28,0.381968408
2021-05-31,2021-05-31,S19,0.383374555
2021-05-31,2021-05-31,S34,0.383711209
2021-05-31,2021-05-31,S35,0.384940264
2021-05-31,2021-05-31,S56,0.387639262
2021-05-31,2021-05-31,S46,0.387833722
2021-05-31,2021-05-31,S57,0.389696173
2021-05-31,2021-05-31,S4,0.390139113
2021-06-01,2021-06-01,S21,0.371296039
2021-06-01,2021-06-01,S4,0.374978613
2021-06-01,2021-06-01,S14,0.376892917
2021-06-01,2021-06-01,S52,0.377872224
2021-06-01,2021-06-01,S7,0.378516495
2021-06-01,2021-06-01,S23,0.378528508
2021-06-01,2021-06-01,S46,0.379616726
2021-06-01,2021-06-01,S33,0.379833886
2021-06-01,2021-06-01,S19,0.381396405
2021-06-01,2021-06-01,S11,0.381466036
2021-06-01,2021-06-01,S28,0.382492754
2021-06-01,2021-06-01,S34,0.383395396
2021-06-01,2021-06-01,S60,0.384402251
2021-06-01,2021-06-01,S54,0.384762033
2021-06-01,2021-06-01,S24,0.385481913
2021-06-01,2021-06-01,S58,0.388572409
2021-06-01,2021-06-01,S48,0.388640134
2021-06-01,2021-06-01,S50,0.389023592
2021-06-01,2021-06-01,S56,0.390160998
2021-06-01,2021-06-01,S15,0.390459453
2021-06-08,2021-06-08,S4,0.391735338
2021-06-08,2021-06-08,S11,0.395370299
2021-06-08,2021-06-08,S56,0.398192812
2021-06-08,2021-06-08,S52,0.402026422
2021-06-08,2021-06-08,S47,0.404133427
2021-06-08,2021-06-08,S64,0.406202268
2021-06-08,2021-06-08,S10,0.409085745
2021-06-08,2021-06-08,S36,0.410863584
2021-06-08,2021-06-08,S14,0.410981015
2021-06-08,2021-06-08,S19,0.411207069
2021-06-08,2021-06-08,S27,0.411616545
2021-06-08,2021-06-08,S15,0.41247939
2021-06-08,2021-06-08,S26,0.413371803
2021-06-08,2021-06-08,S29,0.413660588
2021-06-08,2021-06-08,S50,0.413752719
2021-06-08,2021-06-08,S22,0.413859721
2021-06-08,2021-06-08,S51,0.414884357
2021-06-08,2021-06-08,S28,0.415538373
2021-06-08,2021-06-08,S12,0.416980792
2021-06-08,2021-06-08,S54,0.417401284
2021-06-14,2021-06-14,S26,0.357362728
2021-06-14,2021-06-14,S15,0.36023116
2021-06-14,2021-06-14,S19,0.367906548
2021-06-14,2021-06-14,S33,0.368637323
2021-06-14,2021-06-14,S56,0.36865303
2021-06-14,2021-06-14,S11,0.374592461
2021-06-14,2021-06-14,S48,0.37598364
2021-06-14,2021-06-14,S14,0.376076776
2021-06-14,2021-06-14,S37,0.37761767
2021-06-14,2021-06-14,S24,0.377862184
2021-06-14,2021-06-14,S29,0.378536992
2021-06-14,2021-06-14,S34,0.380220889
2021-06-14,2021-06-14,S64,0.384125356
2021-06-14,2021-06-14,S16,0.385935777
2021-06-14,2021-06-14,S9,0.38683282
2021-06-14,2021-06-14,S61,0.387872177
2021-06-14,2021-06-14,S27,0.387935596
2021-06-14,2021-06-14,S4,0.389480268
2021-06-14,2021-06-14,S12,0.389930087
2021-06-14,2021-06-14,S57,0.390297541
2021-06-17,2021-06-17,S51,0.369979879
2021-06-17,2021-06-17,S27,0.376563435
2021-06-17,2021-06-17,S4,0.378420344
2021-06-17,2021-06-17,S50,0.378424478
2021-06-17,2021-06-17,S33,0.378831399
2021-06-17,2021-06-17,S48,0.378926086
2021-06-17,2021-06-17,S56,0.379152859
2021-06-17,2021-06-17,S47,0.383759393
2021-06-17,2021-06-17,S34,0.385971881
2021-06-17,2021-06-17,S15,0.386423207
2021-06-17,2021-06-17,S11,0.387110742
2021-06-17,2021-06-17,S23,0.387551211
2021-06-17,2021-06-17,S17,0.388447502
2021-06-17,2021-06-17,S5,0.38848357
2021-06-17,2021-06-17,S52,0.3888125
2021-06-17,2021-06-17,S32,0.389698604
2021-06-17,2021-06-17,S54,0.389959168
2021-06-17,2021-06-17,S64,0.391090107
2021-06-17,2021-06-17,S9,0.391593082
2021-06-17,2021-06-17,S37,0.391650776
2021-06-21,2021-06-21,S48,0.389989813
2021-06-21,2021-06-21,S27,0.390023775
2021-06-21,2021-06-21,S33,0.390924601
2021-06-21,2021-06-21,S47,0.393240538
2021-06-21,2021-06-21,S29,0.395950166
2021-06-21,2021-06-21,S30,0.406038715
2021-06-21,2021-06-21,S52,0.407104303
2021-06-21,2021-06-21,S57,0.40744634
2021-06-21,2021-06-21,S6,0.408471111
2021-06-21,2021-06-21,S55,0.40965872
2021-06-21,2021-06-21,S54,0.411404389
2021-06-21,2021-06-21,S28,0.411952839
2021-06-21,2021-06-21,S56,0.414790315
2021-06-21,2021-06-21,S32,0.414944304
2021-06-21,2021-06-21,S50,0.416235574
2021-06-21,2021-06-21,S24,0.416473164
2021-06-21,2021-06-21,S34,0.417335029
2021-06-21,2021-06-21,S15,0.417843205
2021-06-21,2021-06-21,S37,0.41886786
2021-06-21,2021-06-21,S46,0.421423052
2021-06-24,2021-06-24,S34,0.382803354
2021-06-24,2021-06-24,S29,0.393561668
2021-06-24,2021-06-24,S51,0.394510791
2021-06-24,2021-06-24,S4,0.396975306
2021-06-24,2021-06-24,S10,0.397556368
2021-06-24,2021-06-24,S33,0.400818927
2021-06-24,2021-06-24,S3,0.403398963
2021-06-24,2021-06-24,S1,0.403832552
2021-06-24,2021-06-24,S27,0.405403949
2021-06-24,2021-06-24,S56,0.408089237
2021-06-24,2021-06-24,S23,0.408103813
2021-06-24,2021-06-24,S14,0.409211528
2021-06-24,2021-06-24,S9,0.409422797
2021-06-24,2021-06-24,S24,0.409489784
2021-06-24,2021-06-24,S64,0.409656232
2021-06-24,2021-06-24,S28,0.410021431
2021-06-24,2021-06-24,S15,0.410569322
2021-06-24,2021-06-24,S55,0.411618474
2021-06-24,2021-06-24,S52,0.413388412
2021-06-24,2021-06-24,S48,0.414114864
2021-06-30,2021-06-30,S64,0.390733063
2021-06-30,2021-06-30,S8,0.394682431
2021-06-30,2021-06-30,S57,0.398005289
2021-06-30,2021-06-30,S18,0.39831122
2021-06-30,2021-06-30,S33,0.401727767
2021-06-30,2021-06-30,S21,0.40231959
2021-06-30,2021-06-30,S27,0.402711735
2021-06-30,2021-06-30,S10,0.40622193
2021-06-30,2021-06-30,S48,0.407007892
2021-06-30,2021-06-30,S34,0.407364958
2021-06-30,2021-06-30,S23,0.407475086
2021-06-30,2021-06-30,S58,0.408513503
2021-06-30,2021-06-30,S29,0.40959185
2021-06-30,2021-06-30,S53,0.411848632
2021-06-30,2021-06-30,S24,0.412546611
2021-06-30,2021-06-30,S59,0.413019496
2021-06-30,2021-06-30,S56,0.414521072
2021-06-30,2021-06-30,S62,0.414694838
2021-06-30,2021-06-30,S15,0.414766762
2021-06-30,2021-06-30,S11,0.415051338
2021-07-08,2021-07-08,S33,0.349503927
2021-07-08,2021-07-08,S49,0.351008794
2021-07-08,2021-07-08,S27,0.353074368
2021-07-08,2021-07-08,S34,0.354041178
2021-07-08,2021-07-08,S47,0.356030899
2021-07-08,2021-07-08,S55,0.35704056
2021-07-08,2021-07-08,S15,0.357899605
2021-07-08,2021-07-08,S18,0.358699668
2021-07-08,2021-07-08,S52,0.360930897
2021-07-08,2021-07-08,S42,0.361553817
2021-07-08,2021-07-08,S8,0.362025632
2021-07-08,2021-07-08,S50,0.363673727
2021-07-08,2021-07-08,S1,0.365265399
2021-07-08,2021-07-08,S48,0.365357305
2021-07-08,2021-07-08,S28,0.366408282
2021-07-08,2021-07-08,S64,0.367499091
2021-07-08,2021-07-08,S29,0.367799397
2021-07-08,2021-07-08,S57,0.368694293
2021-07-08,2021-07-08,S39,0.369712169
2021-07-08,2021-07-08,S56,0.369980815
2021-07-15,2021-07-15,S26,0.343757326
2021-07-15,2021-07-15,S50,0.348625885
2021-07-15,2021-07-15,S64,0.3509993
2021-07-15,2021-07-15,S19,0.352178966
2021-07-15,2021-07-15,S48,0.353298434
2021-07-15,2021-07-15,S11,0.354192212
2021-07-15,2021-07-15,S56,0.355034854
2021-07-15,2021-07-15,S10,0.356455956
2021-07-15,2021-07-15,S4,0.356544326
2021-07-15,2021-07-15,S14,0.357678334
2021-07-15,2021-07-15,S35,0.35834237
2021-07-15,2021-07-15,S52,0.359910383
2021-07-15,2021-07-15,S46,0.360256784
2021-07-15,2021-07-15,S33,0.362176016
2021-07-15,2021-07-15,S49,0.362349337
2021-07-15,2021-07-15,S39,0.362399491
2021-07-15,2021-07-15,S53,0.362449361
2021-07-15,2021-07-15,S54,0.364690436
2021-07-15,2021-07-15,S57,0.365591884
2021-07-15,2021-07-15,S15,0.365927042
2021-07-19,2021-07-19,S50,0.335407095
2021-07-19,2021-07-19,S56,0.343042024
2021-07-19,2021-07-19,S15,0.345241145
2021-07-19,2021-07-19,S37,0.347179395
2021-07-19,2021-07-19,S28,0.347596033
2021-07-19,2021-07-19,S55,0.348680989
2021-07-19,2021-07-19,S64,0.349171453
2021-07-19,2021-07-19,S52,0.35018359
2021-07-19,2021-07-19,S13,0.350534457
2021-07-19,2021-07-19,S49,0.351183585
2021-07-19,2021-07-19,S34,0.351617009
2021-07-19,2021-07-19,S18,0.352555879
2021-07-19,2021-07-19,S29,0.35342376
2021-07-19,2021-07-19,S33,0.354218798
2021-07-19,2021-07-19,S11,0.354551761
2021-07-19,2021-07-19,S48,0.358886164
2021-07-19,2021-07-19,S27,0.359573922
2021-07-19,2021-07-19,S54,0.361430162
2021-07-19,2021-07-19,S19,0.361763932
2021-07-19,2021-07-19,S57,0.362495829
2021-07-22,2021-07-22,S48,0.342824981
2021-07-22,2021-07-22,S60,0.348631972
2021-07-22,2021-07-22,S53,0.353315774
2021-07-22,2021-07-22,S52,0.355311848
2021-07-22,2021-07-22,S9,0.356394324
2021-07-22,2021-07-22,S64,0.357917997
2021-07-22,2021-07-22,S29,0.35849179
2021-07-22,2021-07-22,S10,0.359461346
2021-07-22,2021-07-22,S11,0.359514028
2021-07-22,2021-07-22,S58,0.36084415
2021-07-22,2021-07-22,S18,0.360944296
2021-07-22,2021-07-22,S56,0.361379874
2021-07-22,2021-07-22,S14,0.361951922
2021-07-22,2021-07-22,S40,0.36215934
2021-07-22,2021-07-22,S23,0.362885377
2021-07-22,2021-07-22,S26,0.363861939
2021-07-22,2021-07-22,S27,0.365637896
2021-07-22,2021-07-22,S4,0.365862106
2021-07-22,2021-07-22,S33,0.365894536
2021-07-22,2021-07-22,S15,0.365907491
2021-08-30,2021-08-30,S29,0.390569622
2021-08-30,2021-08-30,S27,0.394194911
2021-08-30,2021-08-30,S15,0.394653058
2021-08-30,2021-08-30,S34,0.40230572
2021-08-30,2021-08-30,S1,0.403974502
2021-08-30,2021-08-30,S56,0.407170005
2021-08-30,2021-08-30,S33,0.407749508
2021-08-30,2021-08-30,S51,0.408899082
2021-08-30,2021-08-30,S36,0.41058965
2021-08-30,2021-08-30,S24,0.412738836
2021-08-30,2021-08-30,S39,0.414329317
2021-08-30,2021-08-30,S50,0.414763586
2021-08-30,2021-08-30,S17,0.415638102
2021-08-30,2021-08-30,S64,0.419703779
2021-08-30,2021-08-30,S52,0.421150818
2021-08-30,2021-08-30,S37,0.421180321
2021-08-30,2021-08-30,S31,0.422189937
2021-08-30,2021-08-30,S20,0.422856798
2021-08-30,2021-08-30,S8,0.42313293
2021-08-30,2021-08-30,S32,0.423905992
2021-09-09,2021-09-09,S14,0.399686057
2021-09-09,2021-09-09,S48,0.402267593
2021-09-09,2021-09-09,S57,0.402404759
2021-09-09,2021-09-09,S35,0.402580783
2021-09-09,2021-09-09,S24,0.407335753
2021-09-09,2021-09-09,S56,0.408651402
2021-09-09,2021-09-09,S18,0.410317865
2021-09-09,2021-09-09,S11,0.410674933
2021-09-09,2021-09-09,S37,0.410941898
2021-09-09,2021-09-09,S23,0.41121587
2021-09-09,2021-09-09,S41,0.415500868
2021-09-09,2021-09-09,S54,0.41573288
2021-09-09,2021-09-09,S9,0.415960624
2021-09-09,2021-09-09,S52,0.416359719
2021-09-09,2021-09-09,S36,0.418310023
2021-09-09,2021-09-09,S40,0.422330461
2021-09-09,2021-09-09,S1,0.422942078
2021-09-09,2021-09-09,S5,0.424394836
2021-09-09,2021-09-09,S13,0.424675561
2021-09-09,2021-09-09,S46,0.426139774
2021-09-14,2021-09-14,S56,0.365666811
2021-09-14,2021-09-14,S6,0.374947994
2021-09-14,2021-09-14,S52,0.37616917
2021-09-14,2021-09-14,S43,0.377655931
2021-09-14,2021-09-14,S34,0.383076345
2021-09-14,2021-09-14,S19,0.384751151
2021-09-14,2021-09-14,S55,0.385474625
2021-09-14,2021-09-14,S27,0.388427016
2021-09-14,2021-09-14,S64,0.389442263
2021-09-14,2021-09-14,S57,0.391363578
2021-09-14,2021-09-14,S39,0.39656606
2021-09-14,2021-09-14,S28,0.398201687
2021-09-14,2021-09-14,S59,0.400349229
2021-09-14,2021-09-14,S50,0.400362802
2021-09-14,2021-09-14,S53,0.401502539
2021-09-14,2021-09-14,S48,0.402123409
2021-09-14,2021-09-14,S17,0.404112814
2021-09-14,2021-09-14,S21,0.404252382
2021-09-14,2021-09-14,S62,0.404694099
2021-09-14,2021-09-14,S41,0.405105845
2021-09-17,2021-09-17,S56,0.390111028
2021-09-17,2021-09-17,S15,0.401996299
2021-09-17,2021-09-17,S28,0.402542299
2021-09-17,2021-09-17,S11,0.402730007
2021-09-17,2021-09-17,S14,0.407132399
2021-09-17,2021-09-17,S51,0.408397787
2021-09-17,2021-09-17,S30,0.409546788
2021-09-17,2021-09-17,S4,0.409713652
2021-09-17,2021-09-17,S40,0.411073037
2021-09-17,2021-09-17,S26,0.414353331
2021-09-17,2021-09-17,S64,0.415179504
2021-09-17,2021-09-17,S46,0.415768316
2021-09-17,2021-09-17,S53,0.416946393
2021-09-17,2021-09-17,S41,0.417358907
2021-09-17,2021-09-17,S8,0.41779133
2021-09-17,2021-09-17,S54,0.418893074
2021-09-17,2021-09-17,S29,0.41921552
2021-09-17,2021-09-17,S52,0.42078828
2021-09-17,2021-09-17,S35,0.42133836
2021-09-17,2021-09-17,S33,0.421432022
2021-09-20,2021-09-20,S28,0.415949119
2021-09-20,2021-09-20,S30,0.429933732
2021-09-20,2021-09-20,S48,0.431506817
2021-09-20,2021-09-20,S52,0.440257938
2021-09-20,2021-09-20,S11,0.442525066
2021-09-20,2021-09-20,S14,0.443381845
2021-09-20,2021-09-20,S13,0.443654669
2021-09-20,2021-09-20,S64,0.443937974
2021-09-20,2021-09-20,S6,0.446467983
2021-09-20,2021-09-20,S32,0.44652368
2021-09-20,2021-09-20,S41,0.447031892
2021-09-20,2021-09-20,S44,0.447598477
2021-09-20,2021-09-20,S56,0.450475419
2021-09-20,2021-09-20,S37,0.452180055
2021-09-20,2021-09-20,S59,0.453061446
2021-09-20,2021-09-20,S43,0.453773443
2021-09-20,2021-09-20,S46,0.455551643
2021-09-20,2021-09-20,S7,0.455688709
2021-09-20,2021-09-20,S23,0.455814111
2021-09-20,2021-09-20,S42,0.4559422
2021-09-21,2021-09-21,S9,0.419387278
2021-09-21,2021-09-21,S28,0.42304638
2021-09-21,2021-09-21,S37,0.428099506
2021-09-21,2021-09-21,S38,0.434282842
2021-09-21,2021-09-21,S14,0.435098068
2021-09-21,2021-09-21,S42,0.435305695
2021-09-21,2021-09-21,S45,0.437367146
2021-09-21,2021-09-21,S35,0.439434564
2021-09-21,2021-09-21,S10,0.439793694
2021-09-21,2021-09-21,S26,0.440827631
2021-09-21,2021-09-21,S8,0.4409435
2021-09-21,2021-09-21,S16,0.441018255
2021-09-21,2021-09-21,S54,0.441046889
2021-09-21,2021-09-21,S62,0.441307899
2021-09-21,2021-09-21,S25,0.442927648
2021-09-21,2021-09-21,S5,0.442972056
2021-09-21,2021-09-21,S4,0.443974582
2021-09-21,2021-09-21,S47,0.444895816
2021-09-21,2021-09-21,S48,0.445780766
2021-09-21,2021-09-21,S33,0.446415567
2021-09-22,2021-09-22,S46,0.383797415
2021-09-22,2021-09-22,S15,0.391370419
2021-09-22,2021-09-22,S55,0.392992117
2021-09-22,2021-09-22,S59,0.393619594
2021-09-22,2021-09-22,S56,0.394270037
2021-09-22,2021-09-22,S40,0.399071114
2021-09-22,2021-09-22,S19,0.399475785
2021-09-22,2021-09-22,S5,0.399503389
2021-09-22,2021-09-22,S22,0.399621016
2021-09-22,2021-09-22,S50,0.400563156
2021-09-22,2021-09-22,S30,0.402141924
2021-09-22,2021-09-22,S64,0.402756197
2021-09-22,2021-09-22,S34,0.403268728
2021-09-22,2021-09-22,S32,0.403610342
2021-09-22,2021-09-22,S37,0.405037484
2021-09-22,2021-09-22,S49,0.405075288
2021-09-22,2021-09-22,S54,0.405693322
2021-09-22,2021-09-22,S36,0.405751466
2021-09-22,2021-09-22,S39,0.406375583
2021-09-22,2021-09-22,S14,0.408124623
2021-09-23,2021-09-23,S8,0.366016929
2021-09-23,2021-09-23,S13,0.367757975
2021-09-23,2021-09-23,S51,0.369337304
2021-09-23,2021-09-23,S40,0.373696456
2021-09-23,2021-09-23,S33,0.374385673
2021-09-23,2021-09-23,S30,0.374537142
2021-09-23,2021-09-23,S29,0.375439055
2021-09-23,2021-09-23,S55,0.378572422
2021-09-23,2021-09-23,S18,0.379190366
2021-09-23,2021-09-23,S17,0.379853738
2021-09-23,2021-09-23,S43,0.380911446
2021-09-23,2021-09-23,S22,0.381369212
2021-09-23,2021-09-23,S42,0.382348454
2021-09-23,2021-09-23,S45,0.383462227
2021-09-23,2021-09-23,S47,0.383547533
2021-09-23,2021-09-23,S5,0.386294933
2021-09-23,2021-09-23,S56,0.386381101
2021-09-23,2021-09-23,S61,0.386991245
2021-09-23,2021-09-23,S59,0.38860755
2021-09-23,2021-09-23,S34,0.390724257
2021-09-24,2021-09-24,S31,0.363861907
2021-09-24,2021-09-24,S34,0.366116182
2021-09-24,2021-09-24,S52,0.367705345
2021-09-24,2021-09-24,S41,0.368298882
2021-09-24,2021-09-24,S54,0.369324641
2021-09-24,2021-09-24,S58,0.371912955
2021-09-24,2021-09-24,S61,0.375076788
2021-09-24,2021-09-24,S42,0.375980331
2021-09-24,2021-09-24,S37,0.376548497
2021-09-24,2021-09-24,S15,0.377400591
2021-09-24,2021-09-24,S33,0.377920406
2021-09-24,2021-09-24,S22,0.378762074
2021-09-24,2021-09-24,S11,0.37963479
2021-09-24,2021-09-24,S7,0.380517456
2021-09-24,2021-09-24,S19,0.381207307
2021-09-24,2021-09-24,S32,0.382395467
2021-09-24,2021-09-24,S51,0.383485005
2021-09-24,2021-09-24,S48,0.38493858
2021-09-24,2021-09-24,S4,0.385026767
2021-09-24,2021-09-24,S40,0.385599111
2021-09-27,2021-09-27,S27,0.409227687
2021-09-27,2021-09-27,S5,0.409252069
2021-09-27,2021-09-27,S38,0.411266378
2021-09-27,2021-09-27,S59,0.411521187
2021-09-27,2021-09-27,S48,0.414799757
2021-09-27,2021-09-27,S41,0.41589297
2021-09-27,2021-09-27,S13,0.418787368
2021-09-27,2021-09-27,S33,0.419126498
2021-09-27,2021-09-27,S63,0.420239026
2021-09-27,2021-09-27,S39,0.420290151
2021-09-27,2021-09-27,S32,0.423712796
2021-09-27,2021-09-27,S54,0.424674887
2021-09-27,2021-09-27,S42,0.425452076
2021-09-27,2021-09-27,S15,0.427889891
2021-09-27,2021-09-27,S55,0.429094981
2021-09-27,2021-09-27,S37,0.429486388
2021-09-27,2021-09-27,S61,0.429584581
2021-09-27,2021-09-27,S51,0.43139034
2021-09-27,2021-09-27,S34,0.434281801
2021-09-27,2021-09-27,S60,0.435781504
2021-09-28,2021-09-28,S12,0.396763882
2021-09-28,2021-09-28,S33,0.401922994
2021-09-28,2021-09-28,S61,0.404644189
2021-09-28,2021-09-28,S16,0.406577234
2021-09-28,2021-09-28,S59,0.410864671
2021-09-28,2021-09-28,S10,0.412368621
2021-09-28,2021-09-28,S54,0.412869304
2021-09-28,2021-09-28,S60,0.413271903
2021-09-28,2021-09-28,S34,0.413798246
2021-09-28,2021-09-28,S52,0.414540161
2021-09-28,2021-09-28,S49,0.418209119
2021-09-28,2021-09-28,S17,0.418720855
2021-09-28,2021-09-28,S30,0.41908356
2021-09-28,2021-09-28,S29,0.420575769
2021-09-28,2021-09-28,S46,0.42350075
2021-09-28,2021-09-28,S27,0.424864136
2021-09-28,2021-09-28,S37,0.425036353
2021-09-28,2021-09-28,S55,0.426430945
2021-09-28,2021-09-28,S44,0.426711986
2021-09-28,2021-09-28,S13,0.427549886
2021-09-29,2021-09-29,S51,0.411951329
2021-09-29,2021-09-29,S23,0.418585702
2021-09-29,2021-09-29,S41,0.421646147
2021-09-29,2021-09-29,S15,0.427329328
2021-09-29,2021-09-29,S33,0.429676012
2021-09-29,2021-09-29,S9,0.430193593
2021-09-29,2021-09-29,S5,0.432566157
2021-09-29,2021-09-29,S64,0.433451345
2021-09-29,2021-09-29,S48,0.434738855
2021-09-29,2021-09-29,S54,0.436485603
2021-09-29,2021-09-29,S16,0.438428497
2021-09-29,2021-09-29,S40,0.439958422
2021-09-29,2021-09-29,S26,0.440754991
2021-09-29,2021-09-29,S52,0.440888941
2021-09-29,2021-09-29,S34,0.441086275
2021-09-29,2021-09-29,S30,0.441437094
2021-09-29,2021-09-29,S29,0.443881686
2021-09-29,2021-09-29,S22,0.44460471
2021-09-29,2021-09-29,S55,0.445495896
2021-09-29,2021-09-29,S56,0.445533041
2021-09-30,2021-09-30,S1,0.399788002
2021-09-30,2021-09-30,S28,0.403812468
2021-09-30,2021-09-30,S35,0.409530382
2021-09-30,2021-09-30,S17,0.415574065
2021-09-30,2021-09-30,S14,0.416058148
2021-09-30,2021-09-30,S50,0.416303559
2021-09-30,2021-09-30,S41,0.416723167
2021-09-30,2021-09-30,S39,0.417988726
2021-09-30,2021-09-30,S7,0.419695821
2021-09-30,2021-09-30,S64,0.422181715
2021-09-30,2021-09-30,S30,0.422266636
2021-09-30,2021-09-30,S5,0.422818096
2021-09-30,2021-09-30,S22,0.423024043
2021-09-30,2021-09-30,S24,0.423222003
2021-09-30,2021-09-30,S11,0.424157808
2021-09-30,2021-09-30,S16,0.425173149
2021-09-30,2021-09-30,S13,0.42662363
2021-09-30,2021-09-30,S32,0.426819923
2021-09-30,2021-09-30,S15,0.426997154
2021-09-30,2021-09-30,S37,0.427136574
2021-10-01,2021-10-01,S42,0.397064482
2021-10-01,2021-10-01,S27,0.399289683
2021-10-01,2021-10-01,S8,0.406003533
2021-10-01,2021-10-01,S11,0.406846159
2021-10-01,2021-10-01,S33,0.406975507
2021-10-01,2021-10-01,S41,0.410771547
2021-10-01,2021-10-01,S64,0.412072658
2021-10-01,2021-10-01,S54,0.412371059
2021-10-01,2021-10-01,S58,0.414257704
2021-10-01,2021-10-01,S36,0.415153158
2021-10-01,2021-10-01,S55,0.416030231
2021-10-01,2021-10-01,S23,0.416885924
2021-10-01,2021-10-01,S48,0.417113228
2021-10-01,2021-10-01,S61,0.417605222
2021-10-01,2021-10-01,S30,0.418424731
2021-10-01,2021-10-01,S13,0.418589614
2021-10-01,2021-10-01,S34,0.419194381
2021-10-01,2021-10-01,S21,0.419350497
2021-10-01,2021-10-01,S28,0.419943977
2021-10-01,2021-10-01,S52,0.420542489
2021-10-02,2021-10-02,S53,0.396124363
2021-10-02,2021-10-02,S23,0.397706545
2021-10-02,2021-10-02,S59,0.39788127
2021-10-02,2021-10-02,S17,0.401459692
2021-10-02,2021-10-02,S33,0.402427987
2021-10-02,2021-10-02,S64,0.403920654
2021-10-02,2021-10-02,S39,0.40420596
2021-10-02,2021-10-02,S9,0.404383395
2021-10-02,2021-10-02,S57,0.404866741
2021-10-02,2021-10-02,S41,0.404876842
2021-10-02,2021-10-02,S4,0.406720433
2021-10-02,2021-10-02,S51,0.408316815
2021-10-02,2021-10-02,S27,0.408501679
2021-10-02,2021-10-02,S55,0.409294477
2021-10-02,2021-10-02,S28,0.409504415
2021-10-02,2021-10-02,S48,0.410038553
2021-10-02,2021-10-02,S37,0.411001908
2021-10-02,2021-10-02,S38,0.411149208
2021-10-02,2021-10-02,S31,0.411478081
2021-10-02,2021-10-02,S34,0.412965454
2021-10-04,2021-10-04,S37,0.420855159
2021-10-04,2021-10-04,S39,0.421151267
2021-10-04,2021-10-04,S35,0.422906139
2021-10-04,2021-10-04,S33,0.424635007
2021-10-04,2021-10-04,S50,0.42506094
2021-10-04,2021-10-04,S32,0.425497363
2021-10-04,2021-10-04,S14,0.428085884
2021-10-04,2021-10-04,S27,0.428363893
2021-10-04,2021-10-04,S52,0.429728385
2021-10-04,2021-10-04,S47,0.430411103
2021-10-04,2021-10-04,S62,0.431981191
2021-10-04,2021-10-04,S17,0.432828581
2021-10-04,2021-10-04,S41,0.433011658
2021-10-04,2021-10-04,S24,0.43333756
2021-10-04,2021-10-04,S15,0.434113577
2021-10-04,2021-10-04,S57,0.435731354
2021-10-04,2021-10-04,S34,0.436847138
2021-10-04,2021-10-04,S8,0.436973566
2021-10-04,2021-10-04,S13,0.4374451
2021-10-04,2021-10-04,S42,0.438662914
2021-10-05,2021-10-05,S15,0.39656923
2021-10-05,2021-10-05,S39,0.402530054
2021-10-05,2021-10-05,S37,0.407728772
2021-10-05,2021-10-05,S6,0.411948626
2021-10-05,2021-10-05,S34,0.41752926
2021-10-05,2021-10-05,S7,0.418534429
2021-10-05,2021-10-05,S27,0.418768987
2021-10-05,2021-10-05,S59,0.420416636
2021-10-05,2021-10-05,S32,0.420875787
2021-10-05,2021-10-05,S30,0.421074633
2021-10-05,2021-10-05,S14,0.421238128
2021-10-05,2021-10-05,S5,0.421876704
2021-10-05,2021-10-05,S50,0.422929771
2021-10-05,2021-10-05,S31,0.423129293
2021-10-05,2021-10-05,S35,0.423333749
2021-10-05,2021-10-05,S56,0.42374201
2021-10-05,2021-10-05,S11,0.426814291
2021-10-05,2021-10-05,S19,0.426904642
2021-10-05,2021-10-05,S13,0.427132207
2021-10-05,2021-10-05,S23,0.427211967
2021-10-06,2021-10-06,S51,0.421083121
2021-10-06,2021-10-06,S34,0.423419958
2021-10-06,2021-10-06,S22,0.4294684
2021-10-06,2021-10-06,S37,0.431361683
2021-10-06,2021-10-06,S17,0.434262171
2021-10-06,2021-10-06,S36,0.436229706
2021-10-06,2021-10-06,S47,0.437608239
2021-10-06,2021-10-06,S56,0.439452198
2021-10-06,2021-10-06,S33,0.439654676
2021-10-06,2021-10-06,S11,0.441804805
2021-10-06,2021-10-06,S41,0.441937675
2021-10-06,2021-10-06,S30,0.442313179
2021-10-06,2021-10-06,S38,0.442971996
2021-10-06,2021-10-06,S64,0.443019856
2021-10-06,2021-10-06,S55,0.444140475
2021-10-06,2021-10-06,S19,0.444354279
2021-10-06,2021-10-06,S49,0.446701037
2021-10-06,2021-10-06,S6,0.446866479
2021-10-06,2021-10-06,S13,0.4482772
2021-10-06,2021-10-06,S42,0.448354547
2021-10-07,2021-10-07,S33,0.4040469
2021-10-07,2021-10-07,S15,0.409321321
2021-10-07,2021-10-07,S34,0.411101345
2021-10-07,2021-10-07,S42,0.413319339
2021-10-07,2021-10-07,S39,0.416615805
2021-10-07,2021-10-07,S19,0.418610748
2021-10-07,2021-10-07,S24,0.419910401
2021-10-07,2021-10-07,S23,0.421234789
2021-10-07,2021-10-07,S13,0.424927356
2021-10-07,2021-10-07,S63,0.425192745
2021-10-07,2021-10-07,S45,0.426139526
2021-10-07,2021-10-07,S59,0.429817692
2021-10-07,2021-10-07,S51,0.430523331
2021-10-07,2021-10-07,S29,0.431081907
2021-10-07,2021-10-07,S22,0.432682393
2021-10-07,2021-10-07,S27,0.432792913
2021-10-07,2021-10-07,S56,0.4328652
2021-10-07,2021-10-07,S46,0.432997319
2021-10-07,2021-10-07,S11,0.433153595
2021-10-07,2021-10-07,S54,0.433671315
2021-10-08,2021-10-08,S33,0.411169423
2021-10-08,2021-10-08,S45,0.426751406
2021-10-08,2021-10-08,S54,0.431097593
2021-10-08,2021-10-08,S46,0.432633396
2021-10-08,2021-10-08,S42,0.434027967
2021-10-08,2021-10-08,S6,0.435623125
2021-10-08,2021-10-08,S61,0.436628903
2021-10-08,2021-10-08,S34,0.438880849
2021-10-08,2021-10-08,S9,0.439009198
2021-10-08,2021-10-08,S35,0.439723476
2021-10-08,2021-10-08,S24,0.440226218
2021-10-08,2021-10-08,S4,0.442526903
2021-10-08,2021-10-08,S22,0.443249664
2021-10-08,2021-10-08,S32,0.44434449
2021-10-08,2021-10-08,S23,0.444828
2021-10-08,2021-10-08,S53,0.4458263
2021-10-08,2021-10-08,S57,0.446663
2021-10-08,2021-10-08,S51,0.447361938
2021-10-08,2021-10-08,S13,0.447842553
2021-10-08,2021-10-08,S15,0.448117316
2021-10-11,2021-10-11,S34,0.445638766
2021-10-11,2021-10-11,S64,0.446068354
2021-10-11,2021-10-11,S39,0.44723987
2021-10-11,2021-10-11,S37,0.45015767
2021-10-11,2021-10-11,S30,0.454407246
2021-10-11,2021-10-11,S20,0.45449539
2021-10-11,2021-10-11,S33,0.454558612
2021-10-11,2021-10-11,S15,0.455505668
2021-10-11,2021-10-11,S36,0.455776125
2021-10-11,2021-10-11,S13,0.458771292
2021-10-11,2021-10-11,S7,0.458995344
2021-10-11,2021-10-11,S40,0.459588528
2021-10-11,2021-10-11,S42,0.459985458
2021-10-11,2021-10-11,S43,0.460058008
2021-10-11,2021-10-11,S62,0.46050144
2021-10-11,2021-10-11,S23,0.460970168
2021-10-11,2021-10-11,S56,0.462180617
2021-10-11,2021-10-11,S54,0.462892434
2021-10-11,2021-10-11,S25,0.463074208
2021-10-11,2021-10-11,S8,0.463741893
2021-10-13,2021-10-13,S59,0.447932784
2021-10-13,2021-10-13,S16,0.458947453
2021-10-13,2021-10-13,S50,0.459323731
2021-10-13,2021-10-13,S46,0.463792763
2021-10-13,2021-10-13,S33,0.466776979
2021-10-13,2021-10-13,S34,0.469049272
2021-10-13,2021-10-13,S53,0.46917769
2021-10-13,2021-10-13,S30,0.470322647
2021-10-13,2021-10-13,S63,0.470784822
2021-10-13,2021-10-13,S15,0.471830319
2021-10-13,2021-10-13,S13,0.473050617
2021-10-13,2021-10-13,S48,0.473129088
2021-10-13,2021-10-13,S19,0.47387995
2021-10-13,2021-10-13,S42,0.474285268
2021-10-13,2021-10-13,S54,0.474336152
2021-10-13,2021-10-13,S56,0.47441058
2021-10-13,2021-10-13,S41,0.476021631
2021-10-13,2021-10-13,S12,0.476228136
2021-10-13,2021-10-13,S23,0.477214204
2021-10-13,2021-10-13,S62,0.478687012
2021-10-14,2021-10-14,S11,0.444910066
2021-10-14,2021-10-14,S38,0.448316055
2021-10-14,2021-10-14,S22,0.448751963
2021-10-14,2021-10-14,S15,0.45180045
2021-10-14,2021-10-14,S40,0.453753069
2021-10-14,2021-10-14,S45,0.454013786
2021-10-14,2021-10-14,S42,0.459682058
2021-10-14,2021-10-14,S59,0.462954992
2021-10-14,2021-10-14,S30,0.464610899
2021-10-14,2021-10-14,S24,0.465619112
2021-10-14,2021-10-14,S37,0.467144345
2021-10-14,2021-10-14,S39,0.470996976
2021-10-14,2021-10-14,S13,0.471397568
2021-10-14,2021-10-14,S16,0.472154558
2021-10-14,2021-10-14,S20,0.472583355
2021-10-14,2021-10-14,S48,0.473236668
2021-10-14,2021-10-14,S19,0.475812008
2021-10-14,2021-10-14,S34,0.475900608
2021-10-14,2021-10-14,S56,0.476382942
2021-10-14,2021-10-14,S50,0.477299499
2021-10-15,2021-10-15,S51,0.416430909
2021-10-15,2021-10-15,S9,0.419867489
2021-10-15,2021-10-15,S48,0.427983886
2021-10-15,2021-10-15,S33,0.429163699
2021-10-15,2021-10-15,S64,0.433059603
2021-10-15,2021-10-15,S47,0.440280849
2021-10-15,2021-10-15,S27,0.444922795
2021-10-15,2021-10-15,S19,0.446124649
2021-10-15,2021-10-15,S56,0.446413611
2021-10-15,2021-10-15,S39,0.447381896
2021-10-15,2021-10-15,S46,0.449024113
2021-10-15,2021-10-15,S49,0.449514124
2021-10-15,2021-10-15,S6,0.449960758
2021-10-15,2021-10-15,S50,0.450010869
2021-10-15,2021-10-15,S34,0.450472607
2021-10-15,2021-10-15,S42,0.450851312
2021-10-15,2021-10-15,S59,0.452110791
2021-10-15,2021-10-15,S13,0.453956932
2021-10-15,2021-10-15,S24,0.454724418
2021-10-15,2021-10-15,S21,0.454875264
2021-10-18,2021-10-18,S54,0.472924056
2021-10-18,2021-10-18,S50,0.482708164
2021-10-18,2021-10-18,S27,0.489224916
2021-10-18,2021-10-18,S29,0.495556476
2021-10-18,2021-10-18,S57,0.500836147
2021-10-18,2021-10-18,S33,0.501626614
2021-10-18,2021-10-18,S47,0.502000039
2021-10-18,2021-10-18,S10,0.502788063
2021-10-18,2021-10-18,S62,0.503109511
2021-10-18,2021-10-18,S39,0.503165257
2021-10-18,2021-10-18,S15,0.503903855
2021-10-18,2021-10-18,S60,0.506002156
2021-10-18,2021-10-18,S24,0.506131182
2021-10-18,2021-10-18,S19,0.506373806
2021-10-18,2021-10-18,S42,0.506515287
2021-10-18,2021-10-18,S16,0.507767108
2021-10-18,2021-10-18,S34,0.509678148
2021-10-18,2021-10-18,S22,0.509908922
2021-10-18,2021-10-18,S28,0.510379643
2021-10-18,2021-10-18,S53,0.510536312
2021-10-19,2021-10-19,S10,0.432945207
2021-10-19,2021-10-19,S27,0.444685772
2021-10-19,2021-10-19,S38,0.447390962
2021-10-19,2021-10-19,S42,0.448007792
2021-10-19,2021-10-19,S18,0.453301372
2021-10-19,2021-10-19,S54,0.454444619
2021-10-19,2021-10-19,S56,0.454593296
2021-10-19,2021-10-19,S51,0.455978242
2021-10-19,2021-10-19,S40,0.459249041
2021-10-19,2021-10-19,S36,0.459278957
2021-10-19,2021-10-19,S12,0.459295461
2021-10-19,2021-10-19,S46,0.459889455
2021-10-19,2021-10-19,S47,0.461132473
2021-10-19,2021-10-19,S15,0.461505678
2021-10-19,2021-10-19,S55,0.462315045
2021-10-19,2021-10-19,S13,0.464476946
2021-10-19,2021-10-19,S25,0.464550513
2021-10-19,2021-10-19,S41,0.465136681
2021-10-19,2021-10-19,S22,0.466820872
2021-10-19,2021-10-19,S14,0.467033724
2021-10-20,2021-10-20,S51,0.399700378
2021-10-20,2021-10-20,S34,0.408565568
2021-10-20,2021-10-20,S54,0.418621142
2021-10-20,2021-10-20,S46,0.418787317
2021-10-20,2021-10-20,S16,0.421553198
2021-10-20,2021-10-20,S33,0.428180728
2021-10-20,2021-10-20,S56,0.437369825
2021-10-20,2021-10-20,S9,0.440256772
2021-10-20,2021-10-20,S4,0.441584987
2021-10-20,2021-10-20,S28,0.446333163
2021-10-20,2021-10-20,S35,0.449891791
2021-10-20,2021-10-20,S10,0.451175783
2021-10-20,2021-10-20,S13,0.452263176
2021-10-20,2021-10-20,S11,0.452313353
2021-10-20,2021-10-20,S5,0.45422889
2021-10-20,2021-10-20,S22,0.456635072
2021-10-20,2021-10-20,S40,0.457570642
2021-10-20,2021-10-20,S27,0.457980687
2021-10-20,2021-10-20,S39,0.459040174
2021-10-20,2021-10-20,S38,0.460510796
2021-10-21,2021-10-21,S12,0.435082513
2021-10-21,2021-10-21,S58,0.442045148
2021-10-21,2021-10-21,S56,0.442596676
2021-10-21,2021-10-21,S4,0.445774455
2021-10-21,2021-10-21,S27,0.447622814
2021-10-21,2021-10-21,S34,0.448236046
2021-10-21,2021-10-21,S54,0.452080501
2021-10-21,2021-10-21,S35,0.452365317
2021-10-21,2021-10-21,S33,0.45347169
2021-10-21,2021-10-21,S31,0.456973312
2021-10-21,2021-10-21,S14,0.458199231
2021-10-21,2021-10-21,S23,0.458831051
2021-10-21,2021-10-21,S29,0.458902844
2021-10-21,2021-10-21,S47,0.458991742
2021-10-21,2021-10-21,S59,0.459038793
2021-10-21,2021-10-21,S63,0.459313962
2021-10-21,2021-10-21,S17,0.462343766
2021-10-21,2021-10-21,S46,0.463069003
2021-10-21,2021-10-21,S53,0.464282821
2021-10-21,2021-10-21,S13,0.465011614
2021-10-22,2021-10-22,S47,0.421872417
2021-10-22,2021-10-22,S30,0.425590871
2021-10-22,2021-10-22,S56,0.425802335
2021-10-22,2021-10-22,S62,0.426519431
2021-10-22,2021-10-22,S35,0.429382527
2021-10-22,2021-10-22,S14,0.431048682
2021-10-22,2021-10-22,S60,0.436764106
2021-10-22,2021-10-22,S15,0.437361144
2021-10-22,2021-10-22,S29,0.440674384
2021-10-22,2021-10-22,S34,0.441344042
2021-10-22,2021-10-22,S37,0.443689236
2021-10-22,2021-10-22,S11,0.444642378
2021-10-22,2021-10-22,S21,0.44726389
2021-10-22,2021-10-22,S43,0.448147055
2021-10-22,2021-10-22,S42,0.448766349
2021-10-22,2021-10-22,S41,0.449480962
2021-10-22,2021-10-22,S64,0.450484892
2021-10-22,2021-10-22,S13,0.455036862
2021-10-22,2021-10-22,S36,0.457299589
2021-10-22,2021-10-22,S46,0.457876716
2021-10-26,2021-10-26,S21,0.41185869
2021-10-26,2021-10-26,S64,0.416120392
2021-10-26,2021-10-26,S37,0.416576075
2021-10-26,2021-10-26,S35,0.425986102
2021-10-26,2021-10-26,S34,0.426350215
2021-10-26,2021-10-26,S29,0.427832773
2021-10-26,2021-10-26,S22,0.428663386
2021-10-26,2021-10-26,S15,0.429361517
2021-10-26,2021-10-26,S23,0.430185446
2021-10-26,2021-10-26,S41,0.432774766
2021-10-26,2021-10-26,S52,0.433388347
2021-10-26,2021-10-26,S9,0.434169591
2021-10-26,2021-10-26,S24,0.43536155
2021-10-26,2021-10-26,S33,0.435382703
2021-10-26,2021-10-26,S6,0.435690561
2021-10-26,2021-10-26,S39,0.435812647
2021-10-26,2021-10-26,S53,0.436195824
2021-10-26,2021-10-26,S42,0.436562503
2021-10-26,2021-10-26,S59,0.43657149
2021-10-26,2021-10-26,S56,0.43698596
2021-10-27,2021-10-27,S23,0.419288933
2021-10-27,2021-10-27,S14,0.423768534
2021-10-27,2021-10-27,S63,0.427308637
2021-10-27,2021-10-27,S46,0.436918048
2021-10-27,2021-10-27,S51,0.440512084
2021-10-27,2021-10-27,S59,0.440696656
2021-10-27,2021-10-27,S40,0.440994371
2021-10-27,2021-10-27,S53,0.441057683
2021-10-27,2021-10-27,S39,0.445482595
2021-10-27,2021-10-27,S47,0.445533094
2021-10-27,2021-10-27,S24,0.448851936
2021-10-27,2021-10-27,S58,0.448927652
2021-10-27,2021-10-27,S11,0.449022836
2021-10-27,2021-10-27,S22,0.450673263
2021-10-27,2021-10-27,S36,0.450843011
2021-10-27,2021-10-27,S12,0.451500581
2021-10-27,2021-10-27,S41,0.452946812
2021-10-27,2021-10-27,S60,0.453019254
2021-10-27,2021-10-27,S42,0.453402761
2021-10-27,2021-10-27,S48,0.453666286
2021-10-28,2021-10-28,S57,0.411129724
2021-10-28,2021-10-28,S15,0.414086884
2021-10-28,2021-10-28,S40,0.416388639
2021-10-28,2021-10-28,S54,0.418879202
2021-10-28,2021-10-28,S36,0.419078181
2021-10-28,2021-10-28,S13,0.421407691
2021-10-28,2021-10-28,S18,0.421614736
2021-10-28,2021-10-28,S10,0.421673631
2021-10-28,2021-10-28,S45,0.426282317
2021-10-28,2021-10-28,S47,0.426495754
2021-10-28,2021-10-28,S46,0.426858504
2021-10-28,2021-10-28,S9,0.428990174
2021-10-28,2021-10-28,S53,0.429364812
2021-10-28,2021-10-28,S34,0.429962786
2021-10-28,2021-10-28,S39,0.430037425
2021-10-28,2021-10-28,S59,0.432321966
2021-10-28,2021-10-28,S51,0.432479891
2021-10-28,2021-10-28,S33,0.433506601
2021-10-28,2021-10-28,S7,0.433970815
2021-10-28,2021-10-28,S22,0.434179202
2021-10-29,2021-10-29,S36,0.408853449
2021-10-29,2021-10-29,S47,0.410235401
2021-10-29,2021-10-29,S33,0.422917112
2021-10-29,2021-10-29,S57,0.423211477
2021-10-29,2021-10-29,S32,0.425537724
2021-10-29,2021-10-29,S64,0.426340965
2021-10-29,2021-10-29,S53,0.430092185
2021-10-29,2021-10-29,S61,0.431110186
2021-10-29,2021-10-29,S7,0.431808805
2021-10-29,2021-10-29,S34,0.43340779
2021-10-29,2021-10-29,S29,0.433752086
2021-10-29,2021-10-29,S35,0.434295322
2021-10-29,2021-10-29,S60,0.435011872
2021-10-29,2021-10-29,S56,0.436440861
2021-10-29,2021-10-29,S27,0.436845537
2021-10-29,2021-10-29,S46,0.437788636
2021-10-29,2021-10-29,S11,0.437799353
2021-10-29,2021-10-29,S45,0.43853304
2021-10-29,2021-10-29,S24,0.439653287
2021-10-29,2021-10-29,S51,0.44042867
2021-10-31,2021-10-31,S56,0.389169738
2021-10-31,2021-10-31,S23,0.399874034
2021-10-31,2021-10-31,S15,0.401541185
2021-10-31,2021-10-31,S18,0.403773618
2021-10-31,2021-10-31,S28,0.406635032
2021-10-31,2021-10-31,S24,0.407757391
2021-10-31,2021-10-31,S50,0.407767108
2021-10-31,2021-10-31,S36,0.411910843
2021-10-31,2021-10-31,S11,0.412429713
2021-10-31,2021-10-31,S47,0.413073503
2021-10-31,2021-10-31,S7,0.414056759
2021-10-31,2021-10-31,S64,0.415819882
2021-10-31,2021-10-31,S4,0.416209181
2021-10-31,2021-10-31,S54,0.416611764
2021-10-31,2021-10-31,S45,0.416904705
2021-10-31,2021-10-31,S27,0.417270893
2021-10-31,2021-10-31,S53,0.419190082
2021-10-31,2021-10-31,S37,0.419642315
2021-10-31,2021-10-31,S19,0.419680844
2021-10-31,2021-10-31,S63,0.420349207
2021-11-02,2021-11-02,S53,0.400168271
2021-11-02,2021-11-02,S16,0.409273951
2021-11-02,2021-11-02,S50,0.418448872
2021-11-02,2021-11-02,S33,0.418884436
2021-11-02,2021-11-02,S47,0.424655989
2021-11-02,2021-11-02,S60,0.434166961
2021-11-02,2021-11-02,S51,0.43857155
2021-11-02,2021-11-02,S9,0.439730511
2021-11-02,2021-11-02,S14,0.440558607
2021-11-02,2021-11-02,S31,0.440794676
2021-11-02,2021-11-02,S27,0.440988252
2021-11-02,2021-11-02,S30,0.441224672
2021-11-02,2021-11-02,S37,0.44151609
2021-11-02,2021-11-02,S61,0.44154082
2021-11-02,2021-11-02,S36,0.443037166
2021-11-02,2021-11-02,S12,0.443939319
2021-11-02,2021-11-02,S54,0.444001789
2021-11-02,2021-11-02,S8,0.444911331
2021-11-02,2021-11-02,S5,0.445763661
2021-11-02,2021-11-02,S17,0.447760365
2021-11-03,2021-11-03,S21,0.427904353
2021-11-03,2021-11-03,S8,0.431249328
2021-11-03,2021-11-03,S30,0.43724276
2021-11-03,2021-11-03,S42,0.437960599
2021-11-03,2021-11-03,S9,0.441750992
2021-11-03,2021-11-03,S56,0.441827721
2021-11-03,2021-11-03,S50,0.441837495
2021-11-03,2021-11-03,S27,0.442647792
2021-11-03,2021-11-03,S62,0.442930571
2021-11-03,2021-11-03,S28,0.443711934
2021-11-03,2021-11-03,S41,0.443862455
2021-11-03,2021-11-03,S16,0.444573299
2021-11-03,2021-11-03,S33,0.444644709
2021-11-03,2021-11-03,S45,0.444933322
2021-11-03,2021-11-03,S11,0.445720394
2021-11-03,2021-11-03,S12,0.446040491
2021-11-03,2021-11-03,S54,0.446149704
2021-11-03,2021-11-03,S49,0.446894694
2021-11-03,2021-11-03,S51,0.447437313
2021-11-03,2021-11-03,S52,0.447545579
2021-11-05,2021-11-05,S33,0.557944497
2021-11-05,2021-11-05,S64,0.559792429
2021-11-05,2021-11-05,S46,0.578902163
2021-11-05,2021-11-05,S61,0.59734295
2021-11-05,2021-11-05,S18,0.598733665
2021-11-05,2021-11-05,S20,0.601066102
2021-11-05,2021-11-05,S40,0.607061026
2021-11-05,2021-11-05,S55,0.607105643
2021-11-05,2021-11-05,S25,0.612087671
2021-11-05,2021-11-05,S43,0.612305297
2021-11-05,2021-11-05,S28,0.613614351
2021-11-05,2021-11-05,S34,0.614129774
2021-11-05,2021-11-05,S26,0.615309435
2021-11-05,2021-11-05,S23,0.61855732
2021-11-05,2021-11-05,S62,0.619510128
2021-11-05,2021-11-05,S15,0.619872729
2021-11-05,2021-11-05,S29,0.621519592
2021-11-05,2021-11-05,S11,0.621961696
2021-11-05,2021-11-05,S30,0.622390085
2021-11-05,2021-11-05,S50,0.623036874
2021-11-08,2021-11-08,S33,0.430945023
2021-11-08,2021-11-08,S27,0.435728086
2021-11-08,2021-11-08,S1,0.439682438
2021-11-08,2021-11-08,S34,0.441132876
2021-11-08,2021-11-08,S35,0.442741005
2021-11-08,2021-11-08,S24,0.442776308
2021-11-08,2021-11-08,S7,0.443049056
2021-11-08,2021-11-08,S4,0.44315036
2021-11-08,2021-11-08,S39,0.443196801
2021-11-08,2021-11-08,S36,0.443259945
2021-11-08,2021-11-08,S46,0.443813096
2021-11-08,2021-11-08,S50,0.444751324
2021-11-08,2021-11-08,S48,0.444818746
2021-11-08,2021-11-08,S61,0.445835912
2021-11-08,2021-11-08,S64,0.44735355
2021-11-08,2021-11-08,S52,0.449182982
2021-11-08,2021-11-08,S19,0.449899025
2021-11-08,2021-11-08,S41,0.450392454
2021-11-08,2021-11-08,S15,0.452992499
2021-11-08,2021-11-08,S20,0.454009917
2021-11-10,2021-11-10,S58,0.404847998
2021-11-10,2021-11-10,S11,0.405165661
2021-11-10,2021-11-10,S28,0.407055793
2021-11-10,2021-11-10,S12,0.407189825
2021-11-10,2021-11-10,S33,0.40728456
2021-11-10,2021-11-10,S48,0.408368312
2021-11-10,2021-11-10,S34,0.410023439
2021-11-10,2021-11-10,S59,0.410715747
2021-11-10,2021-11-10,S9,0.412041389
2021-11-10,2021-11-10,S23,0.412948407
2021-11-10,2021-11-10,S56,0.41336445
2021-11-10,2021-11-10,S57,0.413527771
2021-11-10,2021-11-10,S32,0.414125052
2021-11-10,2021-11-10,S37,0.414173603
2021-11-10,2021-11-10,S49,0.414695059
2021-11-10,2021-11-10,S36,0.416339045
2021-11-10,2021-11-10,S51,0.416469157
2021-11-10,2021-11-10,S20,0.416489432
2021-11-10,2021-11-10,S22,0.416680539
2021-11-10,2021-11-10,S64,0.417079297
2021-11-11,2021-11-11,S9,0.375900762
2021-11-11,2021-11-11,S50,0.378406159
2021-11-11,2021-11-11,S30,0.383532349
2021-11-11,2021-11-11,S57,0.385209656
2021-11-11,2021-11-11,S27,0.389373183
2021-11-11,2021-11-11,S23,0.390577336
2021-11-11,2021-11-11,S41,0.391086986
2021-11-11,2021-11-11,S34,0.394139632
2021-11-11,2021-11-11,S10,0.394740001
2021-11-11,2021-11-11,S35,0.395478424
2021-11-11,2021-11-11,S60,0.395664911
2021-11-11,2021-11-11,S13,0.395743591
2021-11-11,2021-11-11,S56,0.395999378
2021-11-11,2021-11-11,S33,0.396379865
2021-11-11,2021-11-11,S31,0.396962005
2021-11-11,2021-11-11,S51,0.39750669
2021-11-11,2021-11-11,S14,0.397786821
2021-11-11,2021-11-11,S48,0.398001283
2021-11-11,2021-11-11,S37,0.398102175
2021-11-11,2021-11-11,S42,0.398107922
2021-11-12,2021-11-12,S64,0.393463145
2021-11-12,2021-11-12,S28,0.394023723
2021-11-12,2021-11-12,S41,0.399196724
2021-11-12,2021-11-12,S30,0.399661393
2021-11-12,2021-11-12,S43,0.400156863
2021-11-12,2021-11-12,S15,0.401280006
2021-11-12,2021-11-12,S22,0.404021119
2021-11-12,2021-11-12,S59,0.404206394
2021-11-12,2021-11-12,S60,0.404906487
2021-11-12,2021-11-12,S42,0.404965948
2021-11-12,2021-11-12,S16,0.405117886
2021-11-12,2021-11-12,S18,0.405876385
2021-11-12,2021-11-12,S8,0.406032712
2021-11-12,2021-11-12,S24,0.406325005
2021-11-12,2021-11-12,S34,0.406667417
2021-11-12,2021-11-12,S61,0.406824741
2021-11-12,2021-11-12,S4,0.407426411
2021-11-12,2021-11-12,S11,0.407522782
2021-11-12,2021-11-12,S57,0.407811165
2021-11-12,2021-11-12,S13,0.408541577
2021-11-15,2021-11-15,S27,0.409963577
2021-11-15,2021-11-15,S11,0.411105773
2021-11-15,2021-11-15,S35,0.412388003
2021-11-15,2021-11-15,S13,0.412604162
2021-11-15,2021-11-15,S48,0.412728544
2021-11-15,2021-11-15,S51,0.414137864
2021-11-15,2021-11-15,S8,0.414477016
2021-11-15,2021-11-15,S20,0.416330393
2021-11-15,2021-11-15,S46,0.416445466
2021-11-15,2021-11-15,S22,0.417601857
2021-11-15,2021-11-15,S57,0.419660387
2021-11-15,2021-11-15,S37,0.419690615
2021-11-15,2021-11-15,S64,0.420470246
2021-11-15,2021-11-15,S33,0.420534998
2021-11-15,2021-11-15,S55,0.420683173
2021-11-15,2021-11-15,S32,0.421148574
2021-11-15,2021-11-15,S17,0.421205774
2021-11-15,2021-11-15,S9,0.421249771
2021-11-15,2021-11-15,S47,0.421993483
2021-11-15,2021-11-15,S25,0.423048464
2021-11-16,2021-11-16,S8,0.380689102
2021-11-16,2021-11-16,S57,0.381088677
2021-11-16,2021-11-16,S13,0.381963609
2021-11-16,2021-11-16,S64,0.385269732
2021-11-16,2021-11-16,S59,0.387417989
2021-11-16,2021-11-16,S10,0.388007154
2021-11-16,2021-11-16,S11,0.391153957
2021-11-16,2021-11-16,S12,0.39242326
2021-11-16,2021-11-16,S30,0.394024347
2021-11-16,2021-11-16,S14,0.394955256
2021-11-16,2021-11-16,S24,0.395253914
2021-11-16,2021-11-16,S6,0.395305262
2021-11-16,2021-11-16,S54,0.395308536
2021-11-16,2021-11-16,S37,0.396077251
2021-11-16,2021-11-16,S42,0.396159155
2021-11-16,2021-11-16,S46,0.396704559
2021-11-16,2021-11-16,S15,0.39822672
2021-11-16,2021-11-16,S18,0.398651313
2021-11-16,2021-11-16,S33,0.39957666
2021-11-16,2021-11-16,S47,0.399789159
2021-11-17,2021-11-17,S47,0.358835731
2021-11-17,2021-11-17,S12,0.362389067
2021-11-17,2021-11-17,S8,0.365459306
2021-11-17,2021-11-17,S27,0.365712614
2021-11-17,2021-11-17,S64,0.365736752
2021-11-17,2021-11-17,S49,0.365804177
2021-11-17,2021-11-17,S33,0.366774752
2021-11-17,2021-11-17,S13,0.368264472
2021-11-17,2021-11-17,S46,0.369733365
2021-11-17,2021-11-17,S6,0.37069028
2021-11-17,2021-11-17,S35,0.370854425
2021-11-17,2021-11-17,S14,0.374728062
2021-11-17,2021-11-17,S30,0.375379376
2021-11-17,2021-11-17,S23,0.376954914
2021-11-17,2021-11-17,S56,0.377156012
2021-11-17,2021-11-17,S50,0.377635059
2021-11-17,2021-11-17,S51,0.379253171
2021-11-17,2021-11-17,S45,0.379841128
2021-11-17,2021-11-17,S18,0.380847107
2021-11-17,2021-11-17,S41,0.382628246
2021-11-18,2021-11-18,S24,0.367820845
2021-11-18,2021-11-18,S34,0.369911073
2021-11-18,2021-11-18,S53,0.382566253
2021-11-18,2021-11-18,S11,0.385305972
2021-11-18,2021-11-18,S10,0.386327332
2021-11-18,2021-11-18,S12,0.386601572
2021-11-18,2021-11-18,S42,0.387068081
2021-11-18,2021-11-18,S47,0.388105011
2021-11-18,2021-11-18,S15,0.388564044
2021-11-18,2021-11-18,S56,0.389021205
2021-11-18,2021-11-18,S48,0.392271197
2021-11-18,2021-11-18,S51,0.39277031
2021-11-18,2021-11-18,S54,0.392970177
2021-11-18,2021-11-18,S37,0.394668988
2021-11-18,2021-11-18,S9,0.39575449
2021-11-18,2021-11-18,S58,0.395984022
2021-11-18,2021-11-18,S33,0.39603151
2021-11-18,2021-11-18,S49,0.396808682
2021-11-18,2021-11-18,S19,0.397275453
2021-11-18,2021-11-18,S22,0.397439005
2021-11-22,2021-11-22,S58,0.394252296
2021-11-22,2021-11-22,S37,0.401361509
2021-11-22,2021-11-22,S17,0.401619082
2021-11-22,2021-11-22,S36,0.401776419
2021-11-22,2021-11-22,S41,0.401826794
2021-11-22,2021-11-22,S11,0.402180716
2021-11-22,2021-11-22,S52,0.40254938
2021-11-22,2021-11-22,S24,0.40425238
2021-11-22,2021-11-22,S32,0.404397988
2021-11-22,2021-11-22,S10,0.404592192
2021-11-22,2021-11-22,S64,0.4063941
2021-11-22,2021-11-22,S34,0.409783853
2021-11-22,2021-11-22,S56,0.410151637
2021-11-22,2021-11-22,S53,0.410484124
2021-11-22,2021-11-22,S14,0.41060643
2021-11-22,2021-11-22,S35,0.412930317
2021-11-22,2021-11-22,S6,0.413732063
2021-11-22,2021-11-22,S50,0.413956534
2021-11-22,2021-11-22,S51,0.415908482
2021-11-22,2021-11-22,S57,0.41595352
2021-11-23,2021-11-23,S37,0.379568482
2021-11-23,2021-11-23,S46,0.38479014
2021-11-23,2021-11-23,S4,0.387715344
2021-11-23,2021-11-23,S53,0.390438273
2021-11-23,2021-11-23,S9,0.391006088
2021-11-23,2021-11-23,S57,0.392823443
2021-11-23,2021-11-23,S15,0.394473184
2021-11-23,2021-11-23,S24,0.395661668
2021-11-23,2021-11-23,S28,0.396359166
2021-11-23,2021-11-23,S7,0.396562898
2021-11-23,2021-11-23,S8,0.396964104
2021-11-23,2021-11-23,S41,0.397342192
2021-11-23,2021-11-23,S12,0.39750293
2021-11-23,2021-11-23,S47,0.398193955
2021-11-23,2021-11-23,S34,0.398207896
2021-11-23,2021-11-23,S56,0.39915615
2021-11-23,2021-11-23,S11,0.400464533
2021-11-23,2021-11-23,S23,0.401626861
2021-11-23,2021-11-23,S52,0.402082868
2021-11-23,2021-11-23,S33,0.40347952
2021-11-25,2021-11-25,S7,0.413824037
2021-11-25,2021-11-25,S15,0.415507235
2021-11-25,2021-11-25,S56,0.417898433
2021-11-25,2021-11-25,S52,0.418267719
2021-11-25,2021-11-25,S64,0.418353141
2021-11-25,2021-11-25,S34,0.421864122
2021-11-25,2021-11-25,S11,0.422513124
2021-11-25,2021-11-25,S4,0.425842891
2021-11-25,2021-11-25,S40,0.426187035
2021-11-25,2021-11-25,S53,0.427868613
2021-11-25,2021-11-25,S46,0.428026997
2021-11-25,2021-11-25,S10,0.430685294
2021-11-25,2021-11-25,S60,0.432906955
2021-11-25,2021-11-25,S33,0.435028192
2021-11-25,2021-11-25,S48,0.437330111
2021-11-25,2021-11-25,S38,0.438450838
2021-11-25,2021-11-25,S57,0.438458347
2021-11-25,2021-11-25,S12,0.43878885
2021-11-25,2021-11-25,S9,0.438883998
2021-11-25,2021-11-25,S51,0.439376364
2021-11-26,2021-11-26,S23,0.411471932
2021-11-26,2021-11-26,S18,0.414224038
2021-11-26,2021-11-26,S34,0.416165699
2021-11-26,2021-11-26,S33,0.416878185
2021-11-26,2021-11-26,S13,0.417989628
2021-11-26,2021-11-26,S10,0.418221926
2021-11-26,2021-11-26,S27,0.418880281
2021-11-26,2021-11-26,S41,0.420476389
2021-11-26,2021-11-26,S35,0.421264255
2021-11-26,2021-11-26,S46,0.423409627
2021-11-26,2021-11-26,S54,0.424117449
2021-11-26,2021-11-26,S9,0.424763919
2021-11-26,2021-11-26,S17,0.424785537
2021-11-26,2021-11-26,S59,0.424903793
2021-11-26,2021-11-26,S11,0.425405854
2021-11-26,2021-11-26,S14,0.428043324
2021-11-26,2021-11-26,S64,0.429000788
2021-11-26,2021-11-26,S36,0.429275039
2021-11-26,2021-11-26,S28,0.429664429
2021-11-26,2021-11-26,S22,0.42992099
2021-11-29,2021-11-29,S47,0.38819663
2021-11-29,2021-11-29,S23,0.389846583
2021-11-29,2021-11-29,S37,0.393094309
2021-11-29,2021-11-29,S56,0.395335469
2021-11-29,2021-11-29,S49,0.395776467
2021-11-29,2021-11-29,S52,0.397238371
2021-11-29,2021-11-29,S24,0.397564132
2021-11-29,2021-11-29,S27,0.398418917
2021-11-29,2021-11-29,S28,0.398845187
2021-11-29,2021-11-29,S34,0.399642993
2021-11-29,2021-11-29,S64,0.400036788
2021-11-29,2021-11-29,S10,0.401885733
2021-11-29,2021-11-29,S32,0.402594102
2021-11-29,2021-11-29,S33,0.402617638
2021-11-29,2021-11-29,S60,0.403450643
2021-11-29,2021-11-29,S8,0.404224613
2021-11-29,2021-11-29,S50,0.406028373
2021-11-29,2021-11-29,S39,0.406101826
2021-11-29,2021-11-29,S55,0.406372358
2021-11-29,2021-11-29,S35,0.406560204
2021-11-30,2021-11-30,S55,0.3566304
2021-11-30,2021-11-30,S41,0.374123824
2021-11-30,2021-11-30,S22,0.374498952
2021-11-30,2021-11-30,S33,0.379668301
2021-11-30,2021-11-30,S23,0.383266075
2021-11-30,2021-11-30,S28,0.386247322
2021-11-30,2021-11-30,S53,0.386674703
2021-11-30,2021-11-30,S11,0.390827412
2021-11-30,2021-11-30,S6,0.390883329
2021-11-30,2021-11-30,S14,0.391950277
2021-11-30,2021-11-30,S29,0.392093302
2021-11-30,2021-11-30,S34,0.397563124
2021-11-30,2021-11-30,S15,0.400164052
2021-11-30,2021-11-30,S57,0.400333489
2021-11-30,2021-11-30,S64,0.400969115
2021-11-30,2021-11-30,S54,0.401364145
2021-11-30,2021-11-30,S13,0.401581608
2021-11-30,2021-11-30,S36,0.40200302
2021-11-30,2021-11-30,S51,0.402298339
2021-11-30,2021-11-30,S61,0.402838003
2021-12-01,2021-12-01,S9,0.375877278
2021-12-01,2021-12-01,S23,0.38400641
2021-12-01,2021-12-01,S56,0.386047692
2021-12-01,2021-12-01,S10,0.386403661
2021-12-01,2021-12-01,S33,0.388646061
2021-12-01,2021-12-01,S14,0.389380151
2021-12-01,2021-12-01,S27,0.391654814
2021-12-01,2021-12-01,S52,0.392041943
2021-12-01,2021-12-01,S11,0.393626267
2021-12-01,2021-12-01,S29,0.397399841
2021-12-01,2021-12-01,S55,0.397650863
2021-12-01,2021-12-01,S41,0.398125815
2021-12-01,2021-12-01,S32,0.398215825
2021-12-01,2021-12-01,S59,0.398606397
2021-12-01,2021-12-01,S40,0.398837283
2021-12-01,2021-12-01,S62,0.399472766
2021-12-01,2021-12-01,S4,0.399907162
2021-12-01,2021-12-01,S64,0.400427235
2021-12-01,2021-12-01,S24,0.401223824
2021-12-01,2021-12-01,S50,0.401385167
2021-12-02,2021-12-02,S62,0.34845842
2021-12-02,2021-12-02,S27,0.361952348
2021-12-02,2021-12-02,S39,0.36444558
2021-12-02,2021-12-02,S57,0.366867395
2021-12-02,2021-12-02,S51,0.367744707
2021-12-02,2021-12-02,S33,0.371396303
2021-12-02,2021-12-02,S34,0.372283669
2021-12-02,2021-12-02,S14,0.372462052
2021-12-02,2021-12-02,S37,0.372589044
2021-12-02,2021-12-02,S47,0.372641028
2021-12-02,2021-12-02,S13,0.373123814
2021-12-02,2021-12-02,S11,0.373592696
2021-12-02,2021-12-02,S60,0.376003497
2021-12-02,2021-12-02,S31,0.376076448
2021-12-02,2021-12-02,S56,0.376708702
2021-12-02,2021-12-02,S42,0.378368568
2021-12-02,2021-12-02,S4,0.378734373
2021-12-02,2021-12-02,S32,0.379728003
2021-12-02,2021-12-02,S28,0.38036894
2021-12-02,2021-12-02,S61,0.380625976
2021-12-03,2021-12-03,S4,0.346022051
2021-12-03,2021-12-03,S50,0.35178563
2021-12-03,2021-12-03,S21,0.359960959
2021-12-03,2021-12-03,S33,0.362352067
2021-12-03,2021-12-03,S37,0.367002032
2021-12-03,2021-12-03,S53,0.37345015
2021-12-03,2021-12-03,S7,0.373475915
2021-12-03,2021-12-03,S51,0.374798335
2021-12-03,2021-12-03,S36,0.375501482
2021-12-03,2021-12-03,S58,0.37559146
2021-12-03,2021-12-03,S10,0.379283565
2021-12-03,2021-12-03,S5,0.379840852
2021-12-03,2021-12-03,S56,0.380025984
2021-12-03,2021-12-03,S27,0.380253748
2021-12-03,2021-12-03,S12,0.380285168
2021-12-03,2021-12-03,S59,0.383591498
2021-12-03,2021-12-03,S35,0.38489419
2021-12-03,2021-12-03,S28,0.385129509
2021-12-03,2021-12-03,S49,0.385827702
2021-12-03,2021-12-03,S29,0.386250729
2021-12-09,2021-12-09,S9,0.394878424
2021-12-09,2021-12-09,S33,0.398699873
2021-12-09,2021-12-09,S22,0.4039316
2021-12-09,2021-12-09,S48,0.405382531
2021-12-09,2021-12-09,S64,0.406457247
2021-12-09,2021-12-09,S1,0.407607061
2021-12-09,2021-12-09,S50,0.407862712
2021-12-09,2021-12-09,S56,0.408498662
2021-12-09,2021-12-09,S40,0.40940355
2021-12-09,2021-12-09,S45,0.409787249
2021-12-09,2021-12-09,S52,0.411188888
2021-12-09,2021-12-09,S8,0.412817617
2021-12-09,2021-12-09,S30,0.413491331
2021-12-09,2021-12-09,S37,0.413594896
2021-12-09,2021-12-09,S59,0.413761635
2021-12-09,2021-12-09,S57,0.413862426
2021-12-09,2021-12-09,S32,0.413970409
2021-12-09,2021-12-09,S15,0.414354853
2021-12-09,2021-12-09,S16,0.415415292
2021-12-09,2021-12-09,S41,0.415620624
2021-12-10,2021-12-10,S48,0.391537321
2021-12-10,2021-12-10,S30,0.393675526
2021-12-10,2021-12-10,S61,0.400796427
2021-12-10,2021-12-10,S47,0.402805737
2021-12-10,2021-12-10,S36,0.403379646
2021-12-10,2021-12-10,S22,0.406328645
2021-12-10,2021-12-10,S8,0.40822353
2021-12-10,2021-12-10,S10,0.408623555
2021-12-10,2021-12-10,S62,0.4095906
2021-12-10,2021-12-10,S27,0.4099785
2021-12-10,2021-12-10,S4,0.410672421
2021-12-10,2021-12-10,S50,0.41100133
2021-12-10,2021-12-10,S37,0.41280758
2021-12-10,2021-12-10,S33,0.412957123
2021-12-10,2021-12-10,S54,0.413059988
2021-12-10,2021-12-10,S9,0.4131555
2021-12-10,2021-12-10,S42,0.414016563
2021-12-10,2021-12-10,S34,0.417304892
2021-12-10,2021-12-10,S28,0.418176914
2021-12-10,2021-12-10,S41,0.419206754
2021-12-14,2021-12-14,S64,0.374692405
2021-12-14,2021-12-14,S15,0.380831877
2021-12-14,2021-12-14,S56,0.390375122
2021-12-14,2021-12-14,S9,0.393068369
2021-12-14,2021-12-14,S57,0.393115907
2021-12-14,2021-12-14,S46,0.393775135
2021-12-14,2021-12-14,S22,0.398586003
2021-12-14,2021-12-14,S11,0.398972403
2021-12-14,2021-12-14,S33,0.401941366
2021-12-14,2021-12-14,S35,0.403575791
2021-12-14,2021-12-14,S32,0.404738266
2021-12-14,2021-12-14,S41,0.405232828
2021-12-14,2021-12-14,S27,0.405808478
2021-12-14,2021-12-14,S14,0.405912919
2021-12-14,2021-12-14,S12,0.405938288
2021-12-14,2021-12-14,S39,0.407398631
2021-12-14,2021-12-14,S53,0.407778399
2021-12-14,2021-12-14,S13,0.411034683
2021-12-14,2021-12-14,S59,0.411551825
2021-12-14,2021-12-14,S49,0.411857523
2021-12-15,2021-12-15,S15,0.38703776
2021-12-15,2021-12-15,S58,0.388572404
2021-12-15,2021-12-15,S33,0.407459106
2021-12-15,2021-12-15,S25,0.407641258
2021-12-15,2021-12-15,S20,0.408482471
2021-12-15,2021-12-15,S23,0.40874342
2021-12-15,2021-12-15,S32,0.412417283
2021-12-15,2021-12-15,S45,0.41570113
2021-12-15,2021-12-15,S47,0.416017672
2021-12-15,2021-12-15,S57,0.41718362
2021-12-15,2021-12-15,S12,0.417370026
2021-12-15,2021-12-15,S56,0.417556948
2021-12-15,2021-12-15,S9,0.417679221
2021-12-15,2021-12-15,S50,0.418370704
2021-12-15,2021-12-15,S4,0.418513564
2021-12-15,2021-12-15,S44,0.41954366
2021-12-15,2021-12-15,S64,0.420607273
2021-12-15,2021-12-15,S13,0.421854272
2021-12-15,2021-12-15,S59,0.422254705
2021-12-15,2021-12-15,S42,0.423073481
2021-12-16,2021-12-16,S34,0.394986286
2021-12-16,2021-12-16,S49,0.409811623
2021-12-16,2021-12-16,S16,0.4113226
2021-12-16,2021-12-16,S41,0.414836047
2021-12-16,2021-12-16,S19,0.41641277
2021-12-16,2021-12-16,S47,0.416607055
2021-12-16,2021-12-16,S11,0.417094226
2021-12-16,2021-12-16,S25,0.422520333
2021-12-16,2021-12-16,S27,0.426883678
2021-12-16,2021-12-16,S59,0.427504469
2021-12-16,2021-12-16,S14,0.427640023
2021-12-16,2021-12-16,S22,0.428446994
2021-12-16,2021-12-16,S30,0.429267411
2021-12-16,2021-12-16,S15,0.429973225
2021-12-16,2021-12-16,S36,0.430827623
2021-12-16,2021-12-16,S5,0.432075201
2021-12-16,2021-12-16,S56,0.432427747
2021-12-16,2021-12-16,S9,0.433388496
2021-12-16,2021-12-16,S50,0.435668175
2021-12-16,2021-12-16,S38,0.436400788
2021-12-17,2021-12-17,S22,0.417425811
2021-12-17,2021-12-17,S30,0.421701333
2021-12-17,2021-12-17,S58,0.423850236
2021-12-17,2021-12-17,S9,0.42424247
2021-12-17,2021-12-17,S17,0.427689604
2021-12-17,2021-12-17,S12,0.428781534
2021-12-17,2021-12-17,S4,0.430916028
2021-12-17,2021-12-17,S14,0.433421352
2021-12-17,2021-12-17,S51,0.434003696
2021-12-17,2021-12-17,S47,0.435083147
2021-12-17,2021-12-17,S16,0.436150855
2021-12-17,2021-12-17,S11,0.438943843
2021-12-17,2021-12-17,S27,0.439063935
2021-12-17,2021-12-17,S53,0.439361527
2021-12-17,2021-12-17,S52,0.440625459
2021-12-17,2021-12-17,S26,0.442368851
2021-12-17,2021-12-17,S21,0.443091808
2021-12-17,2021-12-17,S64,0.443201861
2021-12-17,2021-12-17,S20,0.444102569
2021-12-17,2021-12-17,S36,0.444173491
2021-12-21,2021-12-21,S59,0.387205769
2021-12-21,2021-12-21,S42,0.389075261
2021-12-21,2021-12-21,S57,0.391015775
2021-12-21,2021-12-21,S4,0.39405376
2021-12-21,2021-12-21,S12,0.394626183
2021-12-21,2021-12-21,S48,0.395833167
2021-12-21,2021-12-21,S34,0.396943807
2021-12-21,2021-12-21,S8,0.398166306
2021-12-21,2021-12-21,S40,0.398790787
2021-12-21,2021-12-21,S23,0.399610907
2021-12-21,2021-12-21,S33,0.401807609
2021-12-21,2021-12-21,S30,0.401853648
2021-12-21,2021-12-21,S13,0.402360456
2021-12-21,2021-12-21,S37,0.40247291
2021-12-21,2021-12-21,S53,0.402483597
2021-12-21,2021-12-21,S9,0.402924499
2021-12-21,2021-12-21,S10,0.403481194
2021-12-21,2021-12-21,S51,0.403697494
2021-12-21,2021-12-21,S54,0.403712798
2021-12-21,2021-12-21,S6,0.404395351
2021-12-22,2021-12-22,S35,0.377867903
2021-12-22,2021-12-22,S19,0.383428188
2021-12-22,2021-12-22,S12,0.387022835
2021-12-22,2021-12-22,S58,0.388891849
2021-12-22,2021-12-22,S22,0.3895139
2021-12-22,2021-12-22,S21,0.391794621
2021-12-22,2021-12-22,S46,0.393219451
2021-12-22,2021-12-22,S40,0.393472431
2021-12-22,2021-12-22,S47,0.394567757
2021-12-22,2021-12-22,S16,0.395019325
2021-12-22,2021-12-22,S24,0.395277692
2021-12-22,2021-12-22,S27,0.395901348
2021-12-22,2021-12-22,S45,0.39686647
2021-12-22,2021-12-22,S44,0.397049547
2021-12-22,2021-12-22,S33,0.398273831
2021-12-22,2021-12-22,S53,0.399635685
2021-12-22,2021-12-22,S14,0.401944893
2021-12-22,2021-12-22,S5,0.402187497
2021-12-22,2021-12-22,S25,0.403407577
2021-12-22,2021-12-22,S9,0.405070306
