,Task ID
0,2019-05-30
1,2019-09-26
2,2019-11-29
3,2020-01-03
4,2020-01-07
5,2020-01-08
6,2020-01-09
7,2020-01-10
8,2020-01-14
9,2020-01-15
10,2020-01-16
11,2020-01-17
12,2020-01-22
13,2020-01-24
14,2020-02-10
15,2020-02-18
16,2020-02-20
17,2020-02-27
18,2020-03-01
19,2020-03-03
20,2020-03-28
21,2020-05-06
22,2020-06-09
23,2020-07-22
24,2020-08-04
25,2020-09-01
26,2020-10-23
27,2020-10-28
28,2020-10-30
29,2021-03-15
30,2021-03-18
31,2021-03-22
32,2021-03-23
33,2021-03-25
34,2021-03-29
35,2021-04-06
36,2021-04-08
37,2021-04-12
38,2021-04-20
39,2021-04-22
40,2021-04-28
41,2021-05-05
42,2021-05-06
43,2021-05-13
44,2021-05-20
45,2021-05-24
46,2021-05-31
47,2021-06-01
48,2021-06-08
49,2021-06-14
50,2021-06-17
51,2021-06-21
52,2021-06-24
53,2021-06-30
54,2021-07-08
55,2021-07-15
56,2021-07-19
57,2021-07-22
58,2021-08-30
59,2021-09-09
60,2021-09-14
61,2021-09-17
62,2021-09-20
63,2021-09-21
64,2021-09-22
65,2021-09-23
66,2021-09-24
67,2021-09-27
68,2021-09-28
69,2021-09-29
70,2021-09-30
71,2021-10-01
72,2021-10-02
73,2021-10-04
74,2021-10-05
75,2021-10-06
76,2021-10-07
77,2021-10-08
78,2021-10-11
79,2021-10-13
80,2021-10-14
81,2021-10-15
82,2021-10-18
83,2021-10-19
84,2021-10-20
85,2021-10-21
86,2021-10-22
87,2021-10-26
88,2021-10-27
89,2021-10-28
90,2021-10-29
91,2021-10-31
92,2021-11-02
93,2021-11-03
94,2021-11-05
95,2021-11-08
96,2021-11-10
97,2021-11-11
98,2021-11-12
99,2021-11-15
100,2021-11-16
101,2021-11-17
102,2021-11-18
103,2021-11-22
104,2021-11-23
105,2021-11-25
106,2021-11-26
107,2021-11-29
108,2021-11-30
109,2021-12-01
110,2021-12-02
111,2021-12-03
112,2021-12-09
113,2021-12-10
114,2021-12-14
115,2021-12-15
116,2021-12-16
117,2021-12-17
118,2021-12-21
119,2021-12-22
